Actual,Predicted,Confidence,Edible_Probability,Correct,Confidence_Bin
1,1,1.0,1.0,True,"(0.979, 1.0]"
1,1,1.0,1.0,True,"(0.979, 1.0]"
0,0,1.0,0.0,True,"(0.979, 1.0]"
1,1,1.0,1.0,True,"(0.979, 1.0]"
1,1,1.0,1.0,True,"(0.979, 1.0]"
0,0,0.9663270402718598,0.03367295972814019,True,"(0.959, 0.979]"
0,0,1.0,0.0,True,"(0.979, 1.0]"
0,0,1.0,0.0,True,"(0.979, 1.0]"
0,0,1.0,0.0,True,"(0.979, 1.0]"
1,1,1.0,1.0,True,"(0.979, 1.0]"
1,1,0.9977011494252873,0.9977011494252873,True,"(0.979, 1.0]"
1,1,1.0,1.0,True,"(0.979, 1.0]"
0,0,1.0,0.0,True,"(0.979, 1.0]"
0,0,1.0,0.0,True,"(0.979, 1.0]"
0,0,0.9929840484048406,0.007015951595159517,True,"(0.979, 1.0]"
1,1,1.0,1.0,True,"(0.979, 1.0]"
1,1,1.0,1.0,True,"(0.979, 1.0]"
0,0,1.0,0.0,True,"(0.979, 1.0]"
0,0,1.0,0.0,True,"(0.979, 1.0]"
1,1,0.9967364016736401,0.9967364016736401,True,"(0.979, 1.0]"
1,1,1.0,1.0,True,"(0.979, 1.0]"
0,0,1.0,0.0,True,"(0.979, 1.0]"
1,1,1.0,1.0,True,"(0.979, 1.0]"
0,0,1.0,0.0,True,"(0.979, 1.0]"
1,1,1.0,1.0,True,"(0.979, 1.0]"
0,0,0.9557722744830692,0.04422772551693079,True,"(0.938, 0.959]"
1,1,1.0,1.0,True,"(0.979, 1.0]"
1,1,1.0,1.0,True,"(0.979, 1.0]"
0,0,0.9985454545454546,0.0014545454545454545,True,"(0.979, 1.0]"
1,1,0.9981092436974791,0.9981092436974791,True,"(0.979, 1.0]"
1,1,1.0,1.0,True,"(0.979, 1.0]"
1,1,0.9908527131782947,0.9908527131782947,True,"(0.979, 1.0]"
0,0,1.0,0.0,True,"(0.979, 1.0]"
1,1,1.0,1.0,True,"(0.979, 1.0]"
0,0,1.0,0.0,True,"(0.979, 1.0]"
0,0,1.0,0.0,True,"(0.979, 1.0]"
0,0,1.0,0.0,True,"(0.979, 1.0]"
1,1,0.9980646327356852,0.9980646327356852,True,"(0.979, 1.0]"
0,0,1.0,0.0,True,"(0.979, 1.0]"
1,1,0.9156022408963586,0.9156022408963586,True,"(0.897, 0.918]"
0,0,1.0,0.0,True,"(0.979, 1.0]"
0,0,0.9998692810457516,0.00013071895424836603,True,"(0.979, 1.0]"
1,1,1.0,1.0,True,"(0.979, 1.0]"
0,0,1.0,0.0,True,"(0.979, 1.0]"
0,0,1.0,0.0,True,"(0.979, 1.0]"
1,1,1.0,1.0,True,"(0.979, 1.0]"
0,0,1.0,0.0,True,"(0.979, 1.0]"
1,1,1.0,1.0,True,"(0.979, 1.0]"
0,0,0.9948148148148148,0.005185185185185185,True,"(0.979, 1.0]"
0,0,1.0,0.0,True,"(0.979, 1.0]"
0,0,1.0,0.0,True,"(0.979, 1.0]"
1,1,1.0,1.0,True,"(0.979, 1.0]"
0,0,1.0,0.0,True,"(0.979, 1.0]"
1,1,1.0,1.0,True,"(0.979, 1.0]"
1,1,0.9911688311688311,0.9911688311688311,True,"(0.979, 1.0]"
0,0,0.9985454545454546,0.0014545454545454545,True,"(0.979, 1.0]"
1,1,0.9911688311688311,0.9911688311688311,True,"(0.979, 1.0]"
0,0,1.0,0.0,True,"(0.979, 1.0]"
1,1,1.0,1.0,True,"(0.979, 1.0]"
1,1,1.0,1.0,True,"(0.979, 1.0]"
1,1,0.953827139795129,0.953827139795129,True,"(0.938, 0.959]"
1,1,1.0,1.0,True,"(0.979, 1.0]"
0,0,1.0,0.0,True,"(0.979, 1.0]"
1,1,1.0,1.0,True,"(0.979, 1.0]"
1,1,1.0,1.0,True,"(0.979, 1.0]"
0,0,0.9948148148148148,0.005185185185185185,True,"(0.979, 1.0]"
0,0,1.0,0.0,True,"(0.979, 1.0]"
0,0,0.9998692810457516,0.00013071895424836603,True,"(0.979, 1.0]"
0,0,1.0,0.0,True,"(0.979, 1.0]"
1,1,0.9057380777981986,0.9057380777981986,True,"(0.897, 0.918]"
1,1,0.7939644028156949,0.7939644028156949,True,"(0.794, 0.815]"
1,1,1.0,1.0,True,"(0.979, 1.0]"
0,0,1.0,0.0,True,"(0.979, 1.0]"
1,1,1.0,1.0,True,"(0.979, 1.0]"
0,0,1.0,0.0,True,"(0.979, 1.0]"
0,0,1.0,0.0,True,"(0.979, 1.0]"
0,0,1.0,0.0,True,"(0.979, 1.0]"
0,0,1.0,0.0,True,"(0.979, 1.0]"
0,0,0.9816346153846155,0.018365384615384613,True,"(0.979, 1.0]"
1,1,1.0,1.0,True,"(0.979, 1.0]"
0,0,1.0,0.0,True,"(0.979, 1.0]"
1,1,1.0,1.0,True,"(0.979, 1.0]"
0,0,1.0,0.0,True,"(0.979, 1.0]"
1,1,1.0,1.0,True,"(0.979, 1.0]"
1,1,1.0,1.0,True,"(0.979, 1.0]"
0,0,1.0,0.0,True,"(0.979, 1.0]"
1,1,1.0,1.0,True,"(0.979, 1.0]"
1,1,1.0,1.0,True,"(0.979, 1.0]"
0,0,1.0,0.0,True,"(0.979, 1.0]"
0,0,1.0,0.0,True,"(0.979, 1.0]"
0,0,1.0,0.0,True,"(0.979, 1.0]"
1,1,1.0,1.0,True,"(0.979, 1.0]"
0,0,1.0,0.0,True,"(0.979, 1.0]"
1,1,1.0,1.0,True,"(0.979, 1.0]"
0,0,0.9998692810457516,0.00013071895424836603,True,"(0.979, 1.0]"
1,1,0.9967364016736401,0.9967364016736401,True,"(0.979, 1.0]"
0,0,1.0,0.0,True,"(0.979, 1.0]"
1,1,1.0,1.0,True,"(0.979, 1.0]"
0,0,1.0,0.0,True,"(0.979, 1.0]"
1,1,1.0,1.0,True,"(0.979, 1.0]"
1,1,0.9983653846153845,0.9983653846153845,True,"(0.979, 1.0]"
1,1,0.9827345537757437,0.9827345537757437,True,"(0.979, 1.0]"
0,0,1.0,0.0,True,"(0.979, 1.0]"
1,1,1.0,1.0,True,"(0.979, 1.0]"
0,0,1.0,0.0,True,"(0.979, 1.0]"
0,0,1.0,0.0,True,"(0.979, 1.0]"
0,0,1.0,0.0,True,"(0.979, 1.0]"
1,1,1.0,1.0,True,"(0.979, 1.0]"
1,1,1.0,1.0,True,"(0.979, 1.0]"
1,1,1.0,1.0,True,"(0.979, 1.0]"
1,1,1.0,1.0,True,"(0.979, 1.0]"
0,0,1.0,0.0,True,"(0.979, 1.0]"
0,0,1.0,0.0,True,"(0.979, 1.0]"
1,1,1.0,1.0,True,"(0.979, 1.0]"
1,1,0.9996992481203008,0.9996992481203008,True,"(0.979, 1.0]"
0,0,1.0,0.0,True,"(0.979, 1.0]"
0,0,1.0,0.0,True,"(0.979, 1.0]"
1,1,1.0,1.0,True,"(0.979, 1.0]"
0,0,1.0,0.0,True,"(0.979, 1.0]"
1,1,1.0,1.0,True,"(0.979, 1.0]"
1,1,1.0,1.0,True,"(0.979, 1.0]"
1,1,0.9996992481203008,0.9996992481203008,True,"(0.979, 1.0]"
0,0,1.0,0.0,True,"(0.979, 1.0]"
1,1,1.0,1.0,True,"(0.979, 1.0]"
1,1,1.0,1.0,True,"(0.979, 1.0]"
0,0,1.0,0.0,True,"(0.979, 1.0]"
1,1,0.9967364016736401,0.9967364016736401,True,"(0.979, 1.0]"
0,0,1.0,0.0,True,"(0.979, 1.0]"
1,1,1.0,1.0,True,"(0.979, 1.0]"
1,1,0.9796762425900593,0.9796762425900593,True,"(0.979, 1.0]"
0,0,1.0,0.0,True,"(0.979, 1.0]"
0,0,1.0,0.0,True,"(0.979, 1.0]"
1,1,0.9988235294117647,0.9988235294117647,True,"(0.979, 1.0]"
1,1,0.977857442825432,0.977857442825432,True,"(0.959, 0.979]"
1,1,0.9630206830206831,0.9630206830206831,True,"(0.959, 0.979]"
1,1,0.9843678160919541,0.9843678160919541,True,"(0.979, 1.0]"
1,1,1.0,1.0,True,"(0.979, 1.0]"
0,0,1.0,0.0,True,"(0.979, 1.0]"
0,0,1.0,0.0,True,"(0.979, 1.0]"
1,1,1.0,1.0,True,"(0.979, 1.0]"
1,1,1.0,1.0,True,"(0.979, 1.0]"
1,1,1.0,1.0,True,"(0.979, 1.0]"
0,0,1.0,0.0,True,"(0.979, 1.0]"
0,0,1.0,0.0,True,"(0.979, 1.0]"
0,0,1.0,0.0,True,"(0.979, 1.0]"
0,0,0.9998692810457516,0.00013071895424836603,True,"(0.979, 1.0]"
1,1,0.9983653846153845,0.9983653846153845,True,"(0.979, 1.0]"
0,0,1.0,0.0,True,"(0.979, 1.0]"
0,0,1.0,0.0,True,"(0.979, 1.0]"
1,1,0.9889822595704949,0.9889822595704949,True,"(0.979, 1.0]"
0,0,1.0,0.0,True,"(0.979, 1.0]"
0,0,1.0,0.0,True,"(0.979, 1.0]"
0,0,1.0,0.0,True,"(0.979, 1.0]"
0,0,1.0,0.0,True,"(0.979, 1.0]"
1,1,1.0,1.0,True,"(0.979, 1.0]"
1,1,0.9996992481203008,0.9996992481203008,True,"(0.979, 1.0]"
0,0,1.0,0.0,True,"(0.979, 1.0]"
1,1,1.0,1.0,True,"(0.979, 1.0]"
0,0,1.0,0.0,True,"(0.979, 1.0]"
1,1,1.0,1.0,True,"(0.979, 1.0]"
1,1,1.0,1.0,True,"(0.979, 1.0]"
0,0,1.0,0.0,True,"(0.979, 1.0]"
0,0,1.0,0.0,True,"(0.979, 1.0]"
1,1,1.0,1.0,True,"(0.979, 1.0]"
1,1,1.0,1.0,True,"(0.979, 1.0]"
1,1,1.0,1.0,True,"(0.979, 1.0]"
0,0,1.0,0.0,True,"(0.979, 1.0]"
0,0,1.0,0.0,True,"(0.979, 1.0]"
1,1,1.0,1.0,True,"(0.979, 1.0]"
0,0,1.0,0.0,True,"(0.979, 1.0]"
0,0,0.8665289438917587,0.13347105610824134,True,"(0.856, 0.876]"
1,1,0.9811537935748461,0.9811537935748461,True,"(0.979, 1.0]"
0,0,1.0,0.0,True,"(0.979, 1.0]"
1,1,0.9983653846153845,0.9983653846153845,True,"(0.979, 1.0]"
1,1,0.9967364016736401,0.9967364016736401,True,"(0.979, 1.0]"
1,1,1.0,1.0,True,"(0.979, 1.0]"
1,1,1.0,1.0,True,"(0.979, 1.0]"
1,1,1.0,1.0,True,"(0.979, 1.0]"
1,1,1.0,1.0,True,"(0.979, 1.0]"
0,0,0.9998692810457516,0.00013071895424836603,True,"(0.979, 1.0]"
1,1,1.0,1.0,True,"(0.979, 1.0]"
1,1,1.0,1.0,True,"(0.979, 1.0]"
0,0,1.0,0.0,True,"(0.979, 1.0]"
1,1,1.0,1.0,True,"(0.979, 1.0]"
0,0,1.0,0.0,True,"(0.979, 1.0]"
1,1,1.0,1.0,True,"(0.979, 1.0]"
0,0,0.9818436975276476,0.0181563024723525,True,"(0.979, 1.0]"
0,0,1.0,0.0,True,"(0.979, 1.0]"
0,0,1.0,0.0,True,"(0.979, 1.0]"
0,0,1.0,0.0,True,"(0.979, 1.0]"
1,1,1.0,1.0,True,"(0.979, 1.0]"
1,1,0.9983653846153845,0.9983653846153845,True,"(0.979, 1.0]"
0,0,1.0,0.0,True,"(0.979, 1.0]"
0,0,1.0,0.0,True,"(0.979, 1.0]"
1,1,1.0,1.0,True,"(0.979, 1.0]"
0,0,1.0,0.0,True,"(0.979, 1.0]"
1,1,1.0,1.0,True,"(0.979, 1.0]"
0,0,1.0,0.0,True,"(0.979, 1.0]"
0,0,1.0,0.0,True,"(0.979, 1.0]"
0,0,1.0,0.0,True,"(0.979, 1.0]"
1,1,0.9983653846153845,0.9983653846153845,True,"(0.979, 1.0]"
1,1,0.9997752808988765,0.9997752808988765,True,"(0.979, 1.0]"
0,0,1.0,0.0,True,"(0.979, 1.0]"
0,0,1.0,0.0,True,"(0.979, 1.0]"
0,0,1.0,0.0,True,"(0.979, 1.0]"
0,0,1.0,0.0,True,"(0.979, 1.0]"
0,0,1.0,0.0,True,"(0.979, 1.0]"
1,1,1.0,1.0,True,"(0.979, 1.0]"
1,1,0.9967364016736401,0.9967364016736401,True,"(0.979, 1.0]"
0,0,0.9948148148148148,0.005185185185185185,True,"(0.979, 1.0]"
1,1,1.0,1.0,True,"(0.979, 1.0]"
0,0,1.0,0.0,True,"(0.979, 1.0]"
1,1,0.9980646327356852,0.9980646327356852,True,"(0.979, 1.0]"
1,1,1.0,1.0,True,"(0.979, 1.0]"
0,0,1.0,0.0,True,"(0.979, 1.0]"
0,0,1.0,0.0,True,"(0.979, 1.0]"
1,1,1.0,1.0,True,"(0.979, 1.0]"
1,1,1.0,1.0,True,"(0.979, 1.0]"
0,0,1.0,0.0,True,"(0.979, 1.0]"
0,0,1.0,0.0,True,"(0.979, 1.0]"
1,1,1.0,1.0,True,"(0.979, 1.0]"
1,1,0.9983653846153845,0.9983653846153845,True,"(0.979, 1.0]"
0,0,0.9998692810457516,0.00013071895424836603,True,"(0.979, 1.0]"
0,0,1.0,0.0,True,"(0.979, 1.0]"
0,0,1.0,0.0,True,"(0.979, 1.0]"
1,1,1.0,1.0,True,"(0.979, 1.0]"
1,1,1.0,1.0,True,"(0.979, 1.0]"
1,1,1.0,1.0,True,"(0.979, 1.0]"
1,1,0.9882679738562092,0.9882679738562092,True,"(0.979, 1.0]"
0,0,1.0,0.0,True,"(0.979, 1.0]"
1,1,1.0,1.0,True,"(0.979, 1.0]"
1,1,1.0,1.0,True,"(0.979, 1.0]"
0,0,1.0,0.0,True,"(0.979, 1.0]"
0,0,0.9985454545454546,0.0014545454545454545,True,"(0.979, 1.0]"
1,1,1.0,1.0,True,"(0.979, 1.0]"
1,1,1.0,1.0,True,"(0.979, 1.0]"
0,0,1.0,0.0,True,"(0.979, 1.0]"
0,0,1.0,0.0,True,"(0.979, 1.0]"
0,0,1.0,0.0,True,"(0.979, 1.0]"
0,0,1.0,0.0,True,"(0.979, 1.0]"
1,1,0.9983653846153845,0.9983653846153845,True,"(0.979, 1.0]"
0,0,1.0,0.0,True,"(0.979, 1.0]"
1,1,0.9845024875621892,0.9845024875621892,True,"(0.979, 1.0]"
0,0,0.9985454545454546,0.0014545454545454545,True,"(0.979, 1.0]"
0,0,1.0,0.0,True,"(0.979, 1.0]"
1,1,0.9983653846153845,0.9983653846153845,True,"(0.979, 1.0]"
1,1,1.0,1.0,True,"(0.979, 1.0]"
1,1,0.9997752808988765,0.9997752808988765,True,"(0.979, 1.0]"
0,0,1.0,0.0,True,"(0.979, 1.0]"
0,0,1.0,0.0,True,"(0.979, 1.0]"
0,0,1.0,0.0,True,"(0.979, 1.0]"
1,1,1.0,1.0,True,"(0.979, 1.0]"
0,0,1.0,0.0,True,"(0.979, 1.0]"
1,1,1.0,1.0,True,"(0.979, 1.0]"
0,0,1.0,0.0,True,"(0.979, 1.0]"
1,1,0.9892,0.9892,True,"(0.979, 1.0]"
1,1,1.0,1.0,True,"(0.979, 1.0]"
0,0,1.0,0.0,True,"(0.979, 1.0]"
1,1,0.9983653846153845,0.9983653846153845,True,"(0.979, 1.0]"
1,1,1.0,1.0,True,"(0.979, 1.0]"
0,0,0.97,0.03,True,"(0.959, 0.979]"
1,1,1.0,1.0,True,"(0.979, 1.0]"
0,0,1.0,0.0,True,"(0.979, 1.0]"
0,0,1.0,0.0,True,"(0.979, 1.0]"
1,1,1.0,1.0,True,"(0.979, 1.0]"
0,0,1.0,0.0,True,"(0.979, 1.0]"
1,1,1.0,1.0,True,"(0.979, 1.0]"
1,1,1.0,1.0,True,"(0.979, 1.0]"
1,1,0.9977011494252873,0.9977011494252873,True,"(0.979, 1.0]"
1,1,1.0,1.0,True,"(0.979, 1.0]"
1,1,0.9967364016736401,0.9967364016736401,True,"(0.979, 1.0]"
0,0,1.0,0.0,True,"(0.979, 1.0]"
0,0,1.0,0.0,True,"(0.979, 1.0]"
0,0,1.0,0.0,True,"(0.979, 1.0]"
1,1,1.0,1.0,True,"(0.979, 1.0]"
1,1,0.9827345537757437,0.9827345537757437,True,"(0.979, 1.0]"
0,0,1.0,0.0,True,"(0.979, 1.0]"
1,1,1.0,1.0,True,"(0.979, 1.0]"
1,1,1.0,1.0,True,"(0.979, 1.0]"
0,0,1.0,0.0,True,"(0.979, 1.0]"
0,0,1.0,0.0,True,"(0.979, 1.0]"
0,0,1.0,0.0,True,"(0.979, 1.0]"
0,0,1.0,0.0,True,"(0.979, 1.0]"
0,0,1.0,0.0,True,"(0.979, 1.0]"
1,1,0.9967364016736401,0.9967364016736401,True,"(0.979, 1.0]"
0,0,1.0,0.0,True,"(0.979, 1.0]"
0,0,0.9929840484048406,0.007015951595159517,True,"(0.979, 1.0]"
0,0,1.0,0.0,True,"(0.979, 1.0]"
1,1,1.0,1.0,True,"(0.979, 1.0]"
0,0,1.0,0.0,True,"(0.979, 1.0]"
1,1,0.9997752808988765,0.9997752808988765,True,"(0.979, 1.0]"
1,1,1.0,1.0,True,"(0.979, 1.0]"
0,0,1.0,0.0,True,"(0.979, 1.0]"
1,1,1.0,1.0,True,"(0.979, 1.0]"
0,0,1.0,0.0,True,"(0.979, 1.0]"
0,0,1.0,0.0,True,"(0.979, 1.0]"
0,0,0.99,0.01,True,"(0.979, 1.0]"
1,1,1.0,1.0,True,"(0.979, 1.0]"
1,1,1.0,1.0,True,"(0.979, 1.0]"
0,0,1.0,0.0,True,"(0.979, 1.0]"
1,1,1.0,1.0,True,"(0.979, 1.0]"
0,0,1.0,0.0,True,"(0.979, 1.0]"
0,0,1.0,0.0,True,"(0.979, 1.0]"
0,0,0.9998692810457516,0.00013071895424836603,True,"(0.979, 1.0]"
1,1,1.0,1.0,True,"(0.979, 1.0]"
1,1,1.0,1.0,True,"(0.979, 1.0]"
0,0,1.0,0.0,True,"(0.979, 1.0]"
1,1,1.0,1.0,True,"(0.979, 1.0]"
1,1,1.0,1.0,True,"(0.979, 1.0]"
0,0,1.0,0.0,True,"(0.979, 1.0]"
0,0,1.0,0.0,True,"(0.979, 1.0]"
0,0,1.0,0.0,True,"(0.979, 1.0]"
1,1,1.0,1.0,True,"(0.979, 1.0]"
0,0,1.0,0.0,True,"(0.979, 1.0]"
0,0,1.0,0.0,True,"(0.979, 1.0]"
1,1,0.9974764303241638,0.9974764303241638,True,"(0.979, 1.0]"
0,0,1.0,0.0,True,"(0.979, 1.0]"
1,1,0.9967364016736401,0.9967364016736401,True,"(0.979, 1.0]"
0,0,1.0,0.0,True,"(0.979, 1.0]"
1,1,1.0,1.0,True,"(0.979, 1.0]"
1,1,1.0,1.0,True,"(0.979, 1.0]"
0,0,1.0,0.0,True,"(0.979, 1.0]"
0,0,1.0,0.0,True,"(0.979, 1.0]"
0,0,1.0,0.0,True,"(0.979, 1.0]"
1,1,1.0,1.0,True,"(0.979, 1.0]"
1,1,0.9983653846153845,0.9983653846153845,True,"(0.979, 1.0]"
1,1,1.0,1.0,True,"(0.979, 1.0]"
1,1,0.9977353985843945,0.9977353985843945,True,"(0.979, 1.0]"
0,0,1.0,0.0,True,"(0.979, 1.0]"
0,0,1.0,0.0,True,"(0.979, 1.0]"
1,1,0.9980646327356852,0.9980646327356852,True,"(0.979, 1.0]"
1,1,0.9892,0.9892,True,"(0.979, 1.0]"
1,1,1.0,1.0,True,"(0.979, 1.0]"
1,1,1.0,1.0,True,"(0.979, 1.0]"
0,0,1.0,0.0,True,"(0.979, 1.0]"
0,0,0.9847484598422332,0.015251540157766714,True,"(0.979, 1.0]"
0,0,1.0,0.0,True,"(0.979, 1.0]"
0,0,1.0,0.0,True,"(0.979, 1.0]"
0,0,1.0,0.0,True,"(0.979, 1.0]"
1,1,1.0,1.0,True,"(0.979, 1.0]"
0,0,0.9948148148148148,0.005185185185185185,True,"(0.979, 1.0]"
1,1,0.9053299732773432,0.9053299732773432,True,"(0.897, 0.918]"
0,0,1.0,0.0,True,"(0.979, 1.0]"
1,1,1.0,1.0,True,"(0.979, 1.0]"
0,0,1.0,0.0,True,"(0.979, 1.0]"
0,0,1.0,0.0,True,"(0.979, 1.0]"
1,1,1.0,1.0,True,"(0.979, 1.0]"
0,0,1.0,0.0,True,"(0.979, 1.0]"
0,0,1.0,0.0,True,"(0.979, 1.0]"
0,0,1.0,0.0,True,"(0.979, 1.0]"
0,0,1.0,0.0,True,"(0.979, 1.0]"
0,0,0.9998692810457516,0.00013071895424836603,True,"(0.979, 1.0]"
1,1,1.0,1.0,True,"(0.979, 1.0]"
1,1,1.0,1.0,True,"(0.979, 1.0]"
0,0,1.0,0.0,True,"(0.979, 1.0]"
0,0,1.0,0.0,True,"(0.979, 1.0]"
1,1,1.0,1.0,True,"(0.979, 1.0]"
1,1,0.9827345537757437,0.9827345537757437,True,"(0.979, 1.0]"
0,0,1.0,0.0,True,"(0.979, 1.0]"
0,0,1.0,0.0,True,"(0.979, 1.0]"
1,1,0.94216833784548,0.94216833784548,True,"(0.938, 0.959]"
1,1,0.9911688311688311,0.9911688311688311,True,"(0.979, 1.0]"
1,1,1.0,1.0,True,"(0.979, 1.0]"
1,1,1.0,1.0,True,"(0.979, 1.0]"
1,1,0.9916666666666667,0.9916666666666667,True,"(0.979, 1.0]"
0,0,1.0,0.0,True,"(0.979, 1.0]"
1,1,1.0,1.0,True,"(0.979, 1.0]"
0,0,1.0,0.0,True,"(0.979, 1.0]"
1,1,1.0,1.0,True,"(0.979, 1.0]"
0,0,1.0,0.0,True,"(0.979, 1.0]"
0,0,1.0,0.0,True,"(0.979, 1.0]"
1,1,1.0,1.0,True,"(0.979, 1.0]"
0,0,1.0,0.0,True,"(0.979, 1.0]"
0,0,1.0,0.0,True,"(0.979, 1.0]"
0,0,1.0,0.0,True,"(0.979, 1.0]"
0,0,1.0,0.0,True,"(0.979, 1.0]"
1,1,1.0,1.0,True,"(0.979, 1.0]"
1,1,0.9981092436974791,0.9981092436974791,True,"(0.979, 1.0]"
0,0,1.0,0.0,True,"(0.979, 1.0]"
1,1,0.9139227238103922,0.9139227238103922,True,"(0.897, 0.918]"
0,0,1.0,0.0,True,"(0.979, 1.0]"
1,1,1.0,1.0,True,"(0.979, 1.0]"
1,1,1.0,1.0,True,"(0.979, 1.0]"
0,0,1.0,0.0,True,"(0.979, 1.0]"
1,1,1.0,1.0,True,"(0.979, 1.0]"
0,0,0.9998692810457516,0.00013071895424836603,True,"(0.979, 1.0]"
0,0,1.0,0.0,True,"(0.979, 1.0]"
0,0,1.0,0.0,True,"(0.979, 1.0]"
0,0,1.0,0.0,True,"(0.979, 1.0]"
0,0,1.0,0.0,True,"(0.979, 1.0]"
1,1,1.0,1.0,True,"(0.979, 1.0]"
0,0,1.0,0.0,True,"(0.979, 1.0]"
0,0,1.0,0.0,True,"(0.979, 1.0]"
1,1,1.0,1.0,True,"(0.979, 1.0]"
1,1,1.0,1.0,True,"(0.979, 1.0]"
1,1,1.0,1.0,True,"(0.979, 1.0]"
1,1,0.9911688311688311,0.9911688311688311,True,"(0.979, 1.0]"
0,0,1.0,0.0,True,"(0.979, 1.0]"
0,0,1.0,0.0,True,"(0.979, 1.0]"
1,1,1.0,1.0,True,"(0.979, 1.0]"
1,1,1.0,1.0,True,"(0.979, 1.0]"
1,1,0.9967364016736401,0.9967364016736401,True,"(0.979, 1.0]"
1,1,0.9977011494252873,0.9977011494252873,True,"(0.979, 1.0]"
0,0,1.0,0.0,True,"(0.979, 1.0]"
1,1,1.0,1.0,True,"(0.979, 1.0]"
1,1,1.0,1.0,True,"(0.979, 1.0]"
0,0,1.0,0.0,True,"(0.979, 1.0]"
0,0,1.0,0.0,True,"(0.979, 1.0]"
1,1,0.9908527131782947,0.9908527131782947,True,"(0.979, 1.0]"
0,0,1.0,0.0,True,"(0.979, 1.0]"
0,0,0.9998692810457516,0.00013071895424836603,True,"(0.979, 1.0]"
0,0,0.9948148148148148,0.005185185185185185,True,"(0.979, 1.0]"
0,0,1.0,0.0,True,"(0.979, 1.0]"
0,0,1.0,0.0,True,"(0.979, 1.0]"
0,0,1.0,0.0,True,"(0.979, 1.0]"
1,1,1.0,1.0,True,"(0.979, 1.0]"
1,1,1.0,1.0,True,"(0.979, 1.0]"
0,0,1.0,0.0,True,"(0.979, 1.0]"
1,1,1.0,1.0,True,"(0.979, 1.0]"
1,1,1.0,1.0,True,"(0.979, 1.0]"
0,0,1.0,0.0,True,"(0.979, 1.0]"
1,1,0.9843678160919541,0.9843678160919541,True,"(0.979, 1.0]"
0,0,1.0,0.0,True,"(0.979, 1.0]"
1,1,1.0,1.0,True,"(0.979, 1.0]"
0,0,1.0,0.0,True,"(0.979, 1.0]"
0,0,1.0,0.0,True,"(0.979, 1.0]"
1,1,1.0,1.0,True,"(0.979, 1.0]"
0,0,1.0,0.0,True,"(0.979, 1.0]"
1,1,1.0,1.0,True,"(0.979, 1.0]"
1,1,1.0,1.0,True,"(0.979, 1.0]"
1,1,0.9901587301587301,0.9901587301587301,True,"(0.979, 1.0]"
1,1,1.0,1.0,True,"(0.979, 1.0]"
1,1,1.0,1.0,True,"(0.979, 1.0]"
0,0,0.9883636363636364,0.011636363636363636,True,"(0.979, 1.0]"
0,0,1.0,0.0,True,"(0.979, 1.0]"
0,0,0.9998692810457516,0.00013071895424836603,True,"(0.979, 1.0]"
0,0,1.0,0.0,True,"(0.979, 1.0]"
0,0,1.0,0.0,True,"(0.979, 1.0]"
1,1,0.9967364016736401,0.9967364016736401,True,"(0.979, 1.0]"
1,1,0.9983653846153845,0.9983653846153845,True,"(0.979, 1.0]"
0,0,1.0,0.0,True,"(0.979, 1.0]"
1,1,1.0,1.0,True,"(0.979, 1.0]"
1,1,1.0,1.0,True,"(0.979, 1.0]"
1,1,0.9967364016736401,0.9967364016736401,True,"(0.979, 1.0]"
0,0,0.9998692810457516,0.00013071895424836603,True,"(0.979, 1.0]"
0,0,1.0,0.0,True,"(0.979, 1.0]"
1,1,1.0,1.0,True,"(0.979, 1.0]"
1,1,1.0,1.0,True,"(0.979, 1.0]"
0,0,1.0,0.0,True,"(0.979, 1.0]"
1,1,1.0,1.0,True,"(0.979, 1.0]"
0,0,0.9576866563974512,0.042313343602548875,True,"(0.938, 0.959]"
1,1,1.0,1.0,True,"(0.979, 1.0]"
1,1,1.0,1.0,True,"(0.979, 1.0]"
0,0,0.9998692810457516,0.00013071895424836603,True,"(0.979, 1.0]"
0,0,1.0,0.0,True,"(0.979, 1.0]"
1,1,1.0,1.0,True,"(0.979, 1.0]"
1,1,1.0,1.0,True,"(0.979, 1.0]"
1,1,1.0,1.0,True,"(0.979, 1.0]"
0,0,1.0,0.0,True,"(0.979, 1.0]"
1,1,1.0,1.0,True,"(0.979, 1.0]"
0,0,1.0,0.0,True,"(0.979, 1.0]"
0,0,1.0,0.0,True,"(0.979, 1.0]"
0,0,1.0,0.0,True,"(0.979, 1.0]"
1,1,1.0,1.0,True,"(0.979, 1.0]"
0,0,1.0,0.0,True,"(0.979, 1.0]"
1,1,1.0,1.0,True,"(0.979, 1.0]"
1,1,1.0,1.0,True,"(0.979, 1.0]"
1,1,1.0,1.0,True,"(0.979, 1.0]"
1,1,1.0,1.0,True,"(0.979, 1.0]"
1,1,0.9908527131782947,0.9908527131782947,True,"(0.979, 1.0]"
1,1,1.0,1.0,True,"(0.979, 1.0]"
1,1,1.0,1.0,True,"(0.979, 1.0]"
1,1,1.0,1.0,True,"(0.979, 1.0]"
0,0,0.9948148148148148,0.005185185185185185,True,"(0.979, 1.0]"
1,1,1.0,1.0,True,"(0.979, 1.0]"
0,0,1.0,0.0,True,"(0.979, 1.0]"
1,1,1.0,1.0,True,"(0.979, 1.0]"
0,0,1.0,0.0,True,"(0.979, 1.0]"
0,0,1.0,0.0,True,"(0.979, 1.0]"
0,0,1.0,0.0,True,"(0.979, 1.0]"
1,1,0.9967364016736401,0.9967364016736401,True,"(0.979, 1.0]"
0,0,1.0,0.0,True,"(0.979, 1.0]"
1,1,0.9967364016736401,0.9967364016736401,True,"(0.979, 1.0]"
0,0,1.0,0.0,True,"(0.979, 1.0]"
0,0,1.0,0.0,True,"(0.979, 1.0]"
1,1,0.9967364016736401,0.9967364016736401,True,"(0.979, 1.0]"
1,1,1.0,1.0,True,"(0.979, 1.0]"
1,1,0.9977011494252873,0.9977011494252873,True,"(0.979, 1.0]"
1,1,1.0,1.0,True,"(0.979, 1.0]"
0,0,1.0,0.0,True,"(0.979, 1.0]"
0,0,0.9549961851527202,0.045003814847279895,True,"(0.938, 0.959]"
1,1,1.0,1.0,True,"(0.979, 1.0]"
0,0,1.0,0.0,True,"(0.979, 1.0]"
0,0,1.0,0.0,True,"(0.979, 1.0]"
1,1,0.9967364016736401,0.9967364016736401,True,"(0.979, 1.0]"
0,0,1.0,0.0,True,"(0.979, 1.0]"
1,1,1.0,1.0,True,"(0.979, 1.0]"
1,1,1.0,1.0,True,"(0.979, 1.0]"
0,0,1.0,0.0,True,"(0.979, 1.0]"
1,1,1.0,1.0,True,"(0.979, 1.0]"
1,1,1.0,1.0,True,"(0.979, 1.0]"
1,1,0.9760344827586208,0.9760344827586208,True,"(0.959, 0.979]"
0,0,1.0,0.0,True,"(0.979, 1.0]"
0,0,0.8872303270095176,0.1127696729904825,True,"(0.876, 0.897]"
0,0,1.0,0.0,True,"(0.979, 1.0]"
1,1,1.0,1.0,True,"(0.979, 1.0]"
1,1,1.0,1.0,True,"(0.979, 1.0]"
0,0,1.0,0.0,True,"(0.979, 1.0]"
1,1,1.0,1.0,True,"(0.979, 1.0]"
0,0,1.0,0.0,True,"(0.979, 1.0]"
1,1,1.0,1.0,True,"(0.979, 1.0]"
0,0,1.0,0.0,True,"(0.979, 1.0]"
1,1,0.9983653846153845,0.9983653846153845,True,"(0.979, 1.0]"
0,0,1.0,0.0,True,"(0.979, 1.0]"
1,1,1.0,1.0,True,"(0.979, 1.0]"
1,1,1.0,1.0,True,"(0.979, 1.0]"
0,0,1.0,0.0,True,"(0.979, 1.0]"
0,0,1.0,0.0,True,"(0.979, 1.0]"
1,1,1.0,1.0,True,"(0.979, 1.0]"
0,0,1.0,0.0,True,"(0.979, 1.0]"
1,1,1.0,1.0,True,"(0.979, 1.0]"
0,0,0.9998692810457516,0.00013071895424836603,True,"(0.979, 1.0]"
1,1,0.9908527131782947,0.9908527131782947,True,"(0.979, 1.0]"
0,0,1.0,0.0,True,"(0.979, 1.0]"
1,1,1.0,1.0,True,"(0.979, 1.0]"
1,1,1.0,1.0,True,"(0.979, 1.0]"
0,0,1.0,0.0,True,"(0.979, 1.0]"
0,0,0.8268830965281668,0.17311690347183323,True,"(0.815, 0.835]"
1,1,1.0,1.0,True,"(0.979, 1.0]"
0,0,1.0,0.0,True,"(0.979, 1.0]"
0,0,1.0,0.0,True,"(0.979, 1.0]"
0,0,1.0,0.0,True,"(0.979, 1.0]"
0,0,1.0,0.0,True,"(0.979, 1.0]"
0,0,1.0,0.0,True,"(0.979, 1.0]"
0,0,1.0,0.0,True,"(0.979, 1.0]"
1,1,1.0,1.0,True,"(0.979, 1.0]"
0,0,1.0,0.0,True,"(0.979, 1.0]"
0,0,1.0,0.0,True,"(0.979, 1.0]"
1,1,1.0,1.0,True,"(0.979, 1.0]"
0,0,1.0,0.0,True,"(0.979, 1.0]"
1,1,1.0,1.0,True,"(0.979, 1.0]"
0,0,1.0,0.0,True,"(0.979, 1.0]"
0,0,1.0,0.0,True,"(0.979, 1.0]"
0,0,1.0,0.0,True,"(0.979, 1.0]"
1,1,1.0,1.0,True,"(0.979, 1.0]"
1,1,1.0,1.0,True,"(0.979, 1.0]"
1,1,0.9983653846153845,0.9983653846153845,True,"(0.979, 1.0]"
1,1,1.0,1.0,True,"(0.979, 1.0]"
1,1,1.0,1.0,True,"(0.979, 1.0]"
1,1,1.0,1.0,True,"(0.979, 1.0]"
0,0,1.0,0.0,True,"(0.979, 1.0]"
1,1,1.0,1.0,True,"(0.979, 1.0]"
0,0,0.9948148148148148,0.005185185185185185,True,"(0.979, 1.0]"
0,0,1.0,0.0,True,"(0.979, 1.0]"
0,0,1.0,0.0,True,"(0.979, 1.0]"
1,1,0.9983653846153845,0.9983653846153845,True,"(0.979, 1.0]"
1,1,1.0,1.0,True,"(0.979, 1.0]"
1,1,1.0,1.0,True,"(0.979, 1.0]"
1,1,0.9967364016736401,0.9967364016736401,True,"(0.979, 1.0]"
0,0,1.0,0.0,True,"(0.979, 1.0]"
1,1,0.9980646327356852,0.9980646327356852,True,"(0.979, 1.0]"
1,1,0.9901587301587301,0.9901587301587301,True,"(0.979, 1.0]"
0,0,1.0,0.0,True,"(0.979, 1.0]"
1,1,1.0,1.0,True,"(0.979, 1.0]"
0,0,1.0,0.0,True,"(0.979, 1.0]"
1,1,1.0,1.0,True,"(0.979, 1.0]"
1,1,1.0,1.0,True,"(0.979, 1.0]"
0,0,1.0,0.0,True,"(0.979, 1.0]"
1,1,1.0,1.0,True,"(0.979, 1.0]"
0,0,1.0,0.0,True,"(0.979, 1.0]"
1,1,1.0,1.0,True,"(0.979, 1.0]"
0,0,1.0,0.0,True,"(0.979, 1.0]"
0,0,1.0,0.0,True,"(0.979, 1.0]"
1,1,1.0,1.0,True,"(0.979, 1.0]"
0,0,1.0,0.0,True,"(0.979, 1.0]"
0,0,1.0,0.0,True,"(0.979, 1.0]"
1,1,1.0,1.0,True,"(0.979, 1.0]"
0,0,1.0,0.0,True,"(0.979, 1.0]"
0,0,1.0,0.0,True,"(0.979, 1.0]"
0,0,1.0,0.0,True,"(0.979, 1.0]"
1,1,1.0,1.0,True,"(0.979, 1.0]"
0,0,1.0,0.0,True,"(0.979, 1.0]"
1,1,1.0,1.0,True,"(0.979, 1.0]"
1,1,0.9967364016736401,0.9967364016736401,True,"(0.979, 1.0]"
1,1,1.0,1.0,True,"(0.979, 1.0]"
0,0,1.0,0.0,True,"(0.979, 1.0]"
1,1,0.9983653846153845,0.9983653846153845,True,"(0.979, 1.0]"
1,1,1.0,1.0,True,"(0.979, 1.0]"
0,0,1.0,0.0,True,"(0.979, 1.0]"
1,1,1.0,1.0,True,"(0.979, 1.0]"
1,1,1.0,1.0,True,"(0.979, 1.0]"
0,0,1.0,0.0,True,"(0.979, 1.0]"
1,1,1.0,1.0,True,"(0.979, 1.0]"
1,1,1.0,1.0,True,"(0.979, 1.0]"
1,1,0.9980646327356852,0.9980646327356852,True,"(0.979, 1.0]"
1,1,1.0,1.0,True,"(0.979, 1.0]"
1,1,0.9967364016736401,0.9967364016736401,True,"(0.979, 1.0]"
0,0,1.0,0.0,True,"(0.979, 1.0]"
0,0,1.0,0.0,True,"(0.979, 1.0]"
1,1,1.0,1.0,True,"(0.979, 1.0]"
1,1,1.0,1.0,True,"(0.979, 1.0]"
1,1,1.0,1.0,True,"(0.979, 1.0]"
0,0,1.0,0.0,True,"(0.979, 1.0]"
1,1,1.0,1.0,True,"(0.979, 1.0]"
1,1,0.9988235294117647,0.9988235294117647,True,"(0.979, 1.0]"
1,1,1.0,1.0,True,"(0.979, 1.0]"
0,0,1.0,0.0,True,"(0.979, 1.0]"
1,1,1.0,1.0,True,"(0.979, 1.0]"
0,0,1.0,0.0,True,"(0.979, 1.0]"
1,1,1.0,1.0,True,"(0.979, 1.0]"
0,0,1.0,0.0,True,"(0.979, 1.0]"
1,1,1.0,1.0,True,"(0.979, 1.0]"
1,1,1.0,1.0,True,"(0.979, 1.0]"
0,0,1.0,0.0,True,"(0.979, 1.0]"
1,1,1.0,1.0,True,"(0.979, 1.0]"
0,0,1.0,0.0,True,"(0.979, 1.0]"
1,1,1.0,1.0,True,"(0.979, 1.0]"
0,0,1.0,0.0,True,"(0.979, 1.0]"
0,0,0.9855263157894737,0.014473684210526316,True,"(0.979, 1.0]"
1,1,1.0,1.0,True,"(0.979, 1.0]"
1,1,1.0,1.0,True,"(0.979, 1.0]"
1,1,0.9988235294117647,0.9988235294117647,True,"(0.979, 1.0]"
1,1,0.9980646327356852,0.9980646327356852,True,"(0.979, 1.0]"
0,0,1.0,0.0,True,"(0.979, 1.0]"
1,1,1.0,1.0,True,"(0.979, 1.0]"
0,0,1.0,0.0,True,"(0.979, 1.0]"
1,1,1.0,1.0,True,"(0.979, 1.0]"
0,0,1.0,0.0,True,"(0.979, 1.0]"
1,1,0.9856714513556619,0.9856714513556619,True,"(0.979, 1.0]"
0,0,1.0,0.0,True,"(0.979, 1.0]"
1,1,0.9901587301587301,0.9901587301587301,True,"(0.979, 1.0]"
0,0,1.0,0.0,True,"(0.979, 1.0]"
1,1,0.9882679738562092,0.9882679738562092,True,"(0.979, 1.0]"
0,0,1.0,0.0,True,"(0.979, 1.0]"
0,0,1.0,0.0,True,"(0.979, 1.0]"
0,0,1.0,0.0,True,"(0.979, 1.0]"
1,1,1.0,1.0,True,"(0.979, 1.0]"
1,1,1.0,1.0,True,"(0.979, 1.0]"
1,1,1.0,1.0,True,"(0.979, 1.0]"
1,1,0.9977011494252873,0.9977011494252873,True,"(0.979, 1.0]"
1,1,1.0,1.0,True,"(0.979, 1.0]"
0,0,0.9998692810457516,0.00013071895424836603,True,"(0.979, 1.0]"
1,1,0.9908527131782947,0.9908527131782947,True,"(0.979, 1.0]"
0,0,1.0,0.0,True,"(0.979, 1.0]"
1,1,1.0,1.0,True,"(0.979, 1.0]"
1,1,1.0,1.0,True,"(0.979, 1.0]"
0,0,1.0,0.0,True,"(0.979, 1.0]"
0,0,1.0,0.0,True,"(0.979, 1.0]"
1,1,1.0,1.0,True,"(0.979, 1.0]"
1,1,1.0,1.0,True,"(0.979, 1.0]"
0,0,1.0,0.0,True,"(0.979, 1.0]"
0,0,1.0,0.0,True,"(0.979, 1.0]"
1,1,1.0,1.0,True,"(0.979, 1.0]"
0,0,1.0,0.0,True,"(0.979, 1.0]"
0,0,1.0,0.0,True,"(0.979, 1.0]"
0,0,1.0,0.0,True,"(0.979, 1.0]"
1,1,0.9983653846153845,0.9983653846153845,True,"(0.979, 1.0]"
1,1,1.0,1.0,True,"(0.979, 1.0]"
0,0,1.0,0.0,True,"(0.979, 1.0]"
1,1,1.0,1.0,True,"(0.979, 1.0]"
0,0,1.0,0.0,True,"(0.979, 1.0]"
1,1,1.0,1.0,True,"(0.979, 1.0]"
1,1,1.0,1.0,True,"(0.979, 1.0]"
1,1,1.0,1.0,True,"(0.979, 1.0]"
1,1,0.9822036369874765,0.9822036369874765,True,"(0.979, 1.0]"
0,0,1.0,0.0,True,"(0.979, 1.0]"
1,1,1.0,1.0,True,"(0.979, 1.0]"
0,0,1.0,0.0,True,"(0.979, 1.0]"
0,0,1.0,0.0,True,"(0.979, 1.0]"
1,1,0.9892,0.9892,True,"(0.979, 1.0]"
1,1,1.0,1.0,True,"(0.979, 1.0]"
0,0,1.0,0.0,True,"(0.979, 1.0]"
1,1,0.9980646327356852,0.9980646327356852,True,"(0.979, 1.0]"
1,1,1.0,1.0,True,"(0.979, 1.0]"
1,1,1.0,1.0,True,"(0.979, 1.0]"
1,1,1.0,1.0,True,"(0.979, 1.0]"
1,1,1.0,1.0,True,"(0.979, 1.0]"
1,1,0.9911688311688311,0.9911688311688311,True,"(0.979, 1.0]"
0,0,0.9818436975276476,0.0181563024723525,True,"(0.979, 1.0]"
0,0,1.0,0.0,True,"(0.979, 1.0]"
0,0,1.0,0.0,True,"(0.979, 1.0]"
1,1,1.0,1.0,True,"(0.979, 1.0]"
1,1,1.0,1.0,True,"(0.979, 1.0]"
1,1,1.0,1.0,True,"(0.979, 1.0]"
1,1,0.9983653846153845,0.9983653846153845,True,"(0.979, 1.0]"
0,0,1.0,0.0,True,"(0.979, 1.0]"
0,0,1.0,0.0,True,"(0.979, 1.0]"
1,1,1.0,1.0,True,"(0.979, 1.0]"
0,0,1.0,0.0,True,"(0.979, 1.0]"
0,0,0.9998692810457516,0.00013071895424836603,True,"(0.979, 1.0]"
0,0,1.0,0.0,True,"(0.979, 1.0]"
0,0,1.0,0.0,True,"(0.979, 1.0]"
1,1,1.0,1.0,True,"(0.979, 1.0]"
1,1,0.9901587301587301,0.9901587301587301,True,"(0.979, 1.0]"
1,1,1.0,1.0,True,"(0.979, 1.0]"
0,0,0.9776908179539758,0.02230918204602415,True,"(0.959, 0.979]"
1,1,1.0,1.0,True,"(0.979, 1.0]"
0,0,0.9998692810457516,0.00013071895424836603,True,"(0.979, 1.0]"
1,1,1.0,1.0,True,"(0.979, 1.0]"
1,1,0.9996992481203008,0.9996992481203008,True,"(0.979, 1.0]"
1,1,1.0,1.0,True,"(0.979, 1.0]"
0,0,1.0,0.0,True,"(0.979, 1.0]"
0,0,1.0,0.0,True,"(0.979, 1.0]"
1,1,1.0,1.0,True,"(0.979, 1.0]"
0,0,1.0,0.0,True,"(0.979, 1.0]"
0,0,0.9985454545454546,0.0014545454545454545,True,"(0.979, 1.0]"
0,0,1.0,0.0,True,"(0.979, 1.0]"
0,0,1.0,0.0,True,"(0.979, 1.0]"
1,1,1.0,1.0,True,"(0.979, 1.0]"
0,0,1.0,0.0,True,"(0.979, 1.0]"
1,1,1.0,1.0,True,"(0.979, 1.0]"
1,1,1.0,1.0,True,"(0.979, 1.0]"
1,1,1.0,1.0,True,"(0.979, 1.0]"
1,1,1.0,1.0,True,"(0.979, 1.0]"
0,0,1.0,0.0,True,"(0.979, 1.0]"
0,0,1.0,0.0,True,"(0.979, 1.0]"
1,1,0.9980646327356852,0.9980646327356852,True,"(0.979, 1.0]"
0,0,1.0,0.0,True,"(0.979, 1.0]"
1,1,1.0,1.0,True,"(0.979, 1.0]"
0,0,1.0,0.0,True,"(0.979, 1.0]"
1,1,1.0,1.0,True,"(0.979, 1.0]"
0,0,1.0,0.0,True,"(0.979, 1.0]"
0,0,1.0,0.0,True,"(0.979, 1.0]"
1,1,0.9980646327356852,0.9980646327356852,True,"(0.979, 1.0]"
1,1,1.0,1.0,True,"(0.979, 1.0]"
0,0,1.0,0.0,True,"(0.979, 1.0]"
0,0,1.0,0.0,True,"(0.979, 1.0]"
0,0,1.0,0.0,True,"(0.979, 1.0]"
0,0,1.0,0.0,True,"(0.979, 1.0]"
1,1,1.0,1.0,True,"(0.979, 1.0]"
0,0,1.0,0.0,True,"(0.979, 1.0]"
1,1,0.9983653846153845,0.9983653846153845,True,"(0.979, 1.0]"
1,1,1.0,1.0,True,"(0.979, 1.0]"
0,0,0.9651419431416826,0.03485805685831741,True,"(0.959, 0.979]"
1,1,1.0,1.0,True,"(0.979, 1.0]"
0,0,1.0,0.0,True,"(0.979, 1.0]"
1,1,0.9983653846153845,0.9983653846153845,True,"(0.979, 1.0]"
1,1,1.0,1.0,True,"(0.979, 1.0]"
0,0,0.9929840484048406,0.007015951595159517,True,"(0.979, 1.0]"
1,1,1.0,1.0,True,"(0.979, 1.0]"
1,1,1.0,1.0,True,"(0.979, 1.0]"
0,0,0.9948148148148148,0.005185185185185185,True,"(0.979, 1.0]"
1,1,0.9967364016736401,0.9967364016736401,True,"(0.979, 1.0]"
0,0,1.0,0.0,True,"(0.979, 1.0]"
1,1,1.0,1.0,True,"(0.979, 1.0]"
1,1,1.0,1.0,True,"(0.979, 1.0]"
1,1,0.9977011494252873,0.9977011494252873,True,"(0.979, 1.0]"
1,1,1.0,1.0,True,"(0.979, 1.0]"
0,0,1.0,0.0,True,"(0.979, 1.0]"
0,0,1.0,0.0,True,"(0.979, 1.0]"
1,1,1.0,1.0,True,"(0.979, 1.0]"
0,0,1.0,0.0,True,"(0.979, 1.0]"
0,0,1.0,0.0,True,"(0.979, 1.0]"
0,0,1.0,0.0,True,"(0.979, 1.0]"
1,1,1.0,1.0,True,"(0.979, 1.0]"
1,1,0.9983653846153845,0.9983653846153845,True,"(0.979, 1.0]"
1,1,1.0,1.0,True,"(0.979, 1.0]"
0,0,1.0,0.0,True,"(0.979, 1.0]"
1,1,0.9967364016736401,0.9967364016736401,True,"(0.979, 1.0]"
0,0,1.0,0.0,True,"(0.979, 1.0]"
0,0,1.0,0.0,True,"(0.979, 1.0]"
1,1,1.0,1.0,True,"(0.979, 1.0]"
1,1,1.0,1.0,True,"(0.979, 1.0]"
0,0,1.0,0.0,True,"(0.979, 1.0]"
0,0,1.0,0.0,True,"(0.979, 1.0]"
0,0,0.9998692810457516,0.00013071895424836603,True,"(0.979, 1.0]"
1,1,0.9967364016736401,0.9967364016736401,True,"(0.979, 1.0]"
1,1,1.0,1.0,True,"(0.979, 1.0]"
0,0,0.9998692810457516,0.00013071895424836603,True,"(0.979, 1.0]"
0,0,0.9998692810457516,0.00013071895424836603,True,"(0.979, 1.0]"
1,1,1.0,1.0,True,"(0.979, 1.0]"
0,0,1.0,0.0,True,"(0.979, 1.0]"
0,0,1.0,0.0,True,"(0.979, 1.0]"
0,0,1.0,0.0,True,"(0.979, 1.0]"
0,0,1.0,0.0,True,"(0.979, 1.0]"
0,0,1.0,0.0,True,"(0.979, 1.0]"
1,1,0.9210678104914121,0.9210678104914121,True,"(0.918, 0.938]"
0,0,1.0,0.0,True,"(0.979, 1.0]"
1,1,0.953827139795129,0.953827139795129,True,"(0.938, 0.959]"
1,1,0.9892,0.9892,True,"(0.979, 1.0]"
0,0,1.0,0.0,True,"(0.979, 1.0]"
1,1,0.9974764303241638,0.9974764303241638,True,"(0.979, 1.0]"
1,1,1.0,1.0,True,"(0.979, 1.0]"
0,0,0.9863173817381738,0.013682618261826183,True,"(0.979, 1.0]"
0,0,0.9985454545454546,0.0014545454545454545,True,"(0.979, 1.0]"
1,1,1.0,1.0,True,"(0.979, 1.0]"
1,1,0.9630206830206831,0.9630206830206831,True,"(0.959, 0.979]"
0,0,1.0,0.0,True,"(0.979, 1.0]"
0,0,1.0,0.0,True,"(0.979, 1.0]"
1,1,1.0,1.0,True,"(0.979, 1.0]"
0,0,1.0,0.0,True,"(0.979, 1.0]"
0,0,1.0,0.0,True,"(0.979, 1.0]"
1,1,1.0,1.0,True,"(0.979, 1.0]"
1,1,1.0,1.0,True,"(0.979, 1.0]"
0,0,0.9985454545454546,0.0014545454545454545,True,"(0.979, 1.0]"
1,1,0.9996992481203008,0.9996992481203008,True,"(0.979, 1.0]"
0,0,1.0,0.0,True,"(0.979, 1.0]"
0,0,1.0,0.0,True,"(0.979, 1.0]"
0,0,1.0,0.0,True,"(0.979, 1.0]"
0,0,1.0,0.0,True,"(0.979, 1.0]"
0,0,0.9998692810457516,0.00013071895424836603,True,"(0.979, 1.0]"
0,0,1.0,0.0,True,"(0.979, 1.0]"
1,1,0.9888235294117647,0.9888235294117647,True,"(0.979, 1.0]"
1,1,1.0,1.0,True,"(0.979, 1.0]"
0,0,1.0,0.0,True,"(0.979, 1.0]"
1,1,1.0,1.0,True,"(0.979, 1.0]"
0,0,1.0,0.0,True,"(0.979, 1.0]"
1,1,1.0,1.0,True,"(0.979, 1.0]"
0,0,1.0,0.0,True,"(0.979, 1.0]"
1,1,1.0,1.0,True,"(0.979, 1.0]"
0,0,1.0,0.0,True,"(0.979, 1.0]"
0,0,1.0,0.0,True,"(0.979, 1.0]"
1,1,0.9911688311688311,0.9911688311688311,True,"(0.979, 1.0]"
0,0,1.0,0.0,True,"(0.979, 1.0]"
0,0,1.0,0.0,True,"(0.979, 1.0]"
0,0,1.0,0.0,True,"(0.979, 1.0]"
0,0,1.0,0.0,True,"(0.979, 1.0]"
0,0,0.9701274503880594,0.029872549611940604,True,"(0.959, 0.979]"
1,1,1.0,1.0,True,"(0.979, 1.0]"
0,0,1.0,0.0,True,"(0.979, 1.0]"
0,0,1.0,0.0,True,"(0.979, 1.0]"
0,0,1.0,0.0,True,"(0.979, 1.0]"
1,1,1.0,1.0,True,"(0.979, 1.0]"
0,0,1.0,0.0,True,"(0.979, 1.0]"
0,0,1.0,0.0,True,"(0.979, 1.0]"
1,1,1.0,1.0,True,"(0.979, 1.0]"
1,1,1.0,1.0,True,"(0.979, 1.0]"
0,0,1.0,0.0,True,"(0.979, 1.0]"
0,0,0.9816346153846155,0.018365384615384613,True,"(0.979, 1.0]"
0,0,1.0,0.0,True,"(0.979, 1.0]"
1,1,0.9967364016736401,0.9967364016736401,True,"(0.979, 1.0]"
0,0,1.0,0.0,True,"(0.979, 1.0]"
0,0,1.0,0.0,True,"(0.979, 1.0]"
0,0,1.0,0.0,True,"(0.979, 1.0]"
0,0,1.0,0.0,True,"(0.979, 1.0]"
1,1,0.9901587301587301,0.9901587301587301,True,"(0.979, 1.0]"
1,1,1.0,1.0,True,"(0.979, 1.0]"
0,0,1.0,0.0,True,"(0.979, 1.0]"
0,0,0.9948148148148148,0.005185185185185185,True,"(0.979, 1.0]"
1,1,1.0,1.0,True,"(0.979, 1.0]"
0,0,0.9998692810457516,0.00013071895424836603,True,"(0.979, 1.0]"
1,1,1.0,1.0,True,"(0.979, 1.0]"
0,0,1.0,0.0,True,"(0.979, 1.0]"
1,1,1.0,1.0,True,"(0.979, 1.0]"
0,0,1.0,0.0,True,"(0.979, 1.0]"
1,1,1.0,1.0,True,"(0.979, 1.0]"
0,0,1.0,0.0,True,"(0.979, 1.0]"
1,1,1.0,1.0,True,"(0.979, 1.0]"
1,1,1.0,1.0,True,"(0.979, 1.0]"
1,1,1.0,1.0,True,"(0.979, 1.0]"
1,1,1.0,1.0,True,"(0.979, 1.0]"
1,1,0.9810156732410736,0.9810156732410736,True,"(0.979, 1.0]"
0,0,0.9929840484048406,0.007015951595159517,True,"(0.979, 1.0]"
1,1,1.0,1.0,True,"(0.979, 1.0]"
0,0,0.9841625381073577,0.015837461892642353,True,"(0.979, 1.0]"
1,1,0.9983653846153845,0.9983653846153845,True,"(0.979, 1.0]"
1,1,1.0,1.0,True,"(0.979, 1.0]"
1,1,1.0,1.0,True,"(0.979, 1.0]"
0,0,1.0,0.0,True,"(0.979, 1.0]"
0,0,1.0,0.0,True,"(0.979, 1.0]"
0,0,1.0,0.0,True,"(0.979, 1.0]"
0,0,1.0,0.0,True,"(0.979, 1.0]"
0,0,1.0,0.0,True,"(0.979, 1.0]"
1,1,1.0,1.0,True,"(0.979, 1.0]"
1,1,1.0,1.0,True,"(0.979, 1.0]"
1,1,1.0,1.0,True,"(0.979, 1.0]"
1,1,0.9967364016736401,0.9967364016736401,True,"(0.979, 1.0]"
1,1,1.0,1.0,True,"(0.979, 1.0]"
1,1,1.0,1.0,True,"(0.979, 1.0]"
1,1,1.0,1.0,True,"(0.979, 1.0]"
1,1,1.0,1.0,True,"(0.979, 1.0]"
0,0,1.0,0.0,True,"(0.979, 1.0]"
0,0,1.0,0.0,True,"(0.979, 1.0]"
0,0,0.9998692810457516,0.00013071895424836603,True,"(0.979, 1.0]"
0,0,1.0,0.0,True,"(0.979, 1.0]"
1,1,1.0,1.0,True,"(0.979, 1.0]"
1,1,1.0,1.0,True,"(0.979, 1.0]"
1,1,0.94216833784548,0.94216833784548,True,"(0.938, 0.959]"
1,1,1.0,1.0,True,"(0.979, 1.0]"
1,1,1.0,1.0,True,"(0.979, 1.0]"
0,0,1.0,0.0,True,"(0.979, 1.0]"
1,1,0.9983653846153845,0.9983653846153845,True,"(0.979, 1.0]"
1,1,1.0,1.0,True,"(0.979, 1.0]"
1,1,1.0,1.0,True,"(0.979, 1.0]"
1,1,1.0,1.0,True,"(0.979, 1.0]"
0,0,1.0,0.0,True,"(0.979, 1.0]"
1,1,1.0,1.0,True,"(0.979, 1.0]"
0,0,1.0,0.0,True,"(0.979, 1.0]"
0,0,1.0,0.0,True,"(0.979, 1.0]"
0,0,1.0,0.0,True,"(0.979, 1.0]"
1,1,1.0,1.0,True,"(0.979, 1.0]"
0,0,1.0,0.0,True,"(0.979, 1.0]"
1,1,1.0,1.0,True,"(0.979, 1.0]"
1,1,1.0,1.0,True,"(0.979, 1.0]"
0,0,1.0,0.0,True,"(0.979, 1.0]"
1,1,1.0,1.0,True,"(0.979, 1.0]"
1,1,1.0,1.0,True,"(0.979, 1.0]"
1,1,1.0,1.0,True,"(0.979, 1.0]"
0,0,0.9929840484048406,0.007015951595159517,True,"(0.979, 1.0]"
1,1,1.0,1.0,True,"(0.979, 1.0]"
0,0,1.0,0.0,True,"(0.979, 1.0]"
1,1,1.0,1.0,True,"(0.979, 1.0]"
1,1,1.0,1.0,True,"(0.979, 1.0]"
1,1,0.9901587301587301,0.9901587301587301,True,"(0.979, 1.0]"
0,0,0.995,0.005,True,"(0.979, 1.0]"
0,0,1.0,0.0,True,"(0.979, 1.0]"
0,0,1.0,0.0,True,"(0.979, 1.0]"
0,0,1.0,0.0,True,"(0.979, 1.0]"
1,1,1.0,1.0,True,"(0.979, 1.0]"
0,0,0.9948148148148148,0.005185185185185185,True,"(0.979, 1.0]"
0,0,1.0,0.0,True,"(0.979, 1.0]"
1,1,1.0,1.0,True,"(0.979, 1.0]"
0,0,0.9552459722800443,0.04475402771995576,True,"(0.938, 0.959]"
0,0,1.0,0.0,True,"(0.979, 1.0]"
1,1,0.9967364016736401,0.9967364016736401,True,"(0.979, 1.0]"
1,1,1.0,1.0,True,"(0.979, 1.0]"
1,1,1.0,1.0,True,"(0.979, 1.0]"
1,1,1.0,1.0,True,"(0.979, 1.0]"
0,0,1.0,0.0,True,"(0.979, 1.0]"
1,1,0.9822036369874765,0.9822036369874765,True,"(0.979, 1.0]"
1,1,1.0,1.0,True,"(0.979, 1.0]"
0,0,1.0,0.0,True,"(0.979, 1.0]"
1,1,1.0,1.0,True,"(0.979, 1.0]"
1,1,1.0,1.0,True,"(0.979, 1.0]"
1,1,1.0,1.0,True,"(0.979, 1.0]"
1,1,1.0,1.0,True,"(0.979, 1.0]"
0,0,1.0,0.0,True,"(0.979, 1.0]"
1,1,1.0,1.0,True,"(0.979, 1.0]"
0,0,1.0,0.0,True,"(0.979, 1.0]"
0,0,1.0,0.0,True,"(0.979, 1.0]"
0,0,1.0,0.0,True,"(0.979, 1.0]"
1,1,1.0,1.0,True,"(0.979, 1.0]"
1,1,1.0,1.0,True,"(0.979, 1.0]"
1,1,0.9983653846153845,0.9983653846153845,True,"(0.979, 1.0]"
0,0,1.0,0.0,True,"(0.979, 1.0]"
0,0,1.0,0.0,True,"(0.979, 1.0]"
0,0,1.0,0.0,True,"(0.979, 1.0]"
0,0,0.9998692810457516,0.00013071895424836603,True,"(0.979, 1.0]"
0,0,1.0,0.0,True,"(0.979, 1.0]"
0,0,0.9998692810457516,0.00013071895424836603,True,"(0.979, 1.0]"
1,1,0.9967364016736401,0.9967364016736401,True,"(0.979, 1.0]"
1,1,1.0,1.0,True,"(0.979, 1.0]"
0,0,1.0,0.0,True,"(0.979, 1.0]"
1,1,0.9996992481203008,0.9996992481203008,True,"(0.979, 1.0]"
0,0,1.0,0.0,True,"(0.979, 1.0]"
0,0,1.0,0.0,True,"(0.979, 1.0]"
0,0,1.0,0.0,True,"(0.979, 1.0]"
1,1,1.0,1.0,True,"(0.979, 1.0]"
1,1,1.0,1.0,True,"(0.979, 1.0]"
1,1,0.9977011494252873,0.9977011494252873,True,"(0.979, 1.0]"
1,1,1.0,1.0,True,"(0.979, 1.0]"
1,1,1.0,1.0,True,"(0.979, 1.0]"
0,0,1.0,0.0,True,"(0.979, 1.0]"
1,1,1.0,1.0,True,"(0.979, 1.0]"
1,1,0.9908527131782947,0.9908527131782947,True,"(0.979, 1.0]"
0,0,1.0,0.0,True,"(0.979, 1.0]"
0,0,1.0,0.0,True,"(0.979, 1.0]"
1,1,1.0,1.0,True,"(0.979, 1.0]"
1,1,0.9911688311688311,0.9911688311688311,True,"(0.979, 1.0]"
0,0,0.925493697590531,0.07450630240946894,True,"(0.918, 0.938]"
1,1,0.9901587301587301,0.9901587301587301,True,"(0.979, 1.0]"
1,1,1.0,1.0,True,"(0.979, 1.0]"
0,0,1.0,0.0,True,"(0.979, 1.0]"
1,1,1.0,1.0,True,"(0.979, 1.0]"
1,1,1.0,1.0,True,"(0.979, 1.0]"
1,1,1.0,1.0,True,"(0.979, 1.0]"
1,1,0.9983653846153845,0.9983653846153845,True,"(0.979, 1.0]"
0,0,1.0,0.0,True,"(0.979, 1.0]"
0,0,1.0,0.0,True,"(0.979, 1.0]"
1,1,0.9866666666666667,0.9866666666666667,True,"(0.979, 1.0]"
0,0,1.0,0.0,True,"(0.979, 1.0]"
1,1,1.0,1.0,True,"(0.979, 1.0]"
1,1,1.0,1.0,True,"(0.979, 1.0]"
1,1,1.0,1.0,True,"(0.979, 1.0]"
0,0,1.0,0.0,True,"(0.979, 1.0]"
0,0,1.0,0.0,True,"(0.979, 1.0]"
0,0,1.0,0.0,True,"(0.979, 1.0]"
0,0,0.9888311688311688,0.011168831168831168,True,"(0.979, 1.0]"
0,0,0.9696156273522089,0.0303843726477911,True,"(0.959, 0.979]"
1,1,0.9928358208955224,0.9928358208955224,True,"(0.979, 1.0]"
1,1,0.9845024875621892,0.9845024875621892,True,"(0.979, 1.0]"
0,0,1.0,0.0,True,"(0.979, 1.0]"
0,0,1.0,0.0,True,"(0.979, 1.0]"
1,1,0.9997752808988765,0.9997752808988765,True,"(0.979, 1.0]"
1,1,0.9898972332015811,0.9898972332015811,True,"(0.979, 1.0]"
0,0,1.0,0.0,True,"(0.979, 1.0]"
0,0,1.0,0.0,True,"(0.979, 1.0]"
0,0,1.0,0.0,True,"(0.979, 1.0]"
0,0,1.0,0.0,True,"(0.979, 1.0]"
1,1,1.0,1.0,True,"(0.979, 1.0]"
0,0,1.0,0.0,True,"(0.979, 1.0]"
1,1,1.0,1.0,True,"(0.979, 1.0]"
0,0,1.0,0.0,True,"(0.979, 1.0]"
0,0,0.9985454545454546,0.0014545454545454545,True,"(0.979, 1.0]"
0,0,1.0,0.0,True,"(0.979, 1.0]"
1,1,1.0,1.0,True,"(0.979, 1.0]"
1,1,1.0,1.0,True,"(0.979, 1.0]"
1,1,1.0,1.0,True,"(0.979, 1.0]"
1,1,1.0,1.0,True,"(0.979, 1.0]"
0,0,1.0,0.0,True,"(0.979, 1.0]"
0,0,1.0,0.0,True,"(0.979, 1.0]"
0,0,1.0,0.0,True,"(0.979, 1.0]"
0,0,1.0,0.0,True,"(0.979, 1.0]"
0,0,1.0,0.0,True,"(0.979, 1.0]"
1,1,1.0,1.0,True,"(0.979, 1.0]"
1,1,1.0,1.0,True,"(0.979, 1.0]"
1,1,1.0,1.0,True,"(0.979, 1.0]"
1,1,1.0,1.0,True,"(0.979, 1.0]"
0,0,0.9998692810457516,0.00013071895424836603,True,"(0.979, 1.0]"
1,1,1.0,1.0,True,"(0.979, 1.0]"
1,1,1.0,1.0,True,"(0.979, 1.0]"
0,0,1.0,0.0,True,"(0.979, 1.0]"
1,1,1.0,1.0,True,"(0.979, 1.0]"
1,1,0.9983653846153845,0.9983653846153845,True,"(0.979, 1.0]"
1,1,1.0,1.0,True,"(0.979, 1.0]"
0,0,1.0,0.0,True,"(0.979, 1.0]"
1,1,0.9916666666666667,0.9916666666666667,True,"(0.979, 1.0]"
0,0,1.0,0.0,True,"(0.979, 1.0]"
0,0,1.0,0.0,True,"(0.979, 1.0]"
1,1,1.0,1.0,True,"(0.979, 1.0]"
0,0,1.0,0.0,True,"(0.979, 1.0]"
0,0,1.0,0.0,True,"(0.979, 1.0]"
1,1,1.0,1.0,True,"(0.979, 1.0]"
1,1,1.0,1.0,True,"(0.979, 1.0]"
1,1,1.0,1.0,True,"(0.979, 1.0]"
1,1,0.9967364016736401,0.9967364016736401,True,"(0.979, 1.0]"
1,1,1.0,1.0,True,"(0.979, 1.0]"
1,1,1.0,1.0,True,"(0.979, 1.0]"
0,0,1.0,0.0,True,"(0.979, 1.0]"
0,0,1.0,0.0,True,"(0.979, 1.0]"
0,0,1.0,0.0,True,"(0.979, 1.0]"
0,0,1.0,0.0,True,"(0.979, 1.0]"
1,1,1.0,1.0,True,"(0.979, 1.0]"
0,0,1.0,0.0,True,"(0.979, 1.0]"
0,0,1.0,0.0,True,"(0.979, 1.0]"
1,1,1.0,1.0,True,"(0.979, 1.0]"
0,0,1.0,0.0,True,"(0.979, 1.0]"
1,1,1.0,1.0,True,"(0.979, 1.0]"
1,1,0.9967364016736401,0.9967364016736401,True,"(0.979, 1.0]"
0,0,1.0,0.0,True,"(0.979, 1.0]"
0,0,1.0,0.0,True,"(0.979, 1.0]"
1,1,1.0,1.0,True,"(0.979, 1.0]"
1,1,1.0,1.0,True,"(0.979, 1.0]"
0,0,1.0,0.0,True,"(0.979, 1.0]"
0,0,1.0,0.0,True,"(0.979, 1.0]"
0,0,0.9998692810457516,0.00013071895424836603,True,"(0.979, 1.0]"
0,0,1.0,0.0,True,"(0.979, 1.0]"
1,1,1.0,1.0,True,"(0.979, 1.0]"
1,1,1.0,1.0,True,"(0.979, 1.0]"
0,0,0.9776908179539758,0.02230918204602415,True,"(0.959, 0.979]"
1,1,1.0,1.0,True,"(0.979, 1.0]"
1,1,1.0,1.0,True,"(0.979, 1.0]"
0,0,1.0,0.0,True,"(0.979, 1.0]"
1,1,1.0,1.0,True,"(0.979, 1.0]"
0,0,1.0,0.0,True,"(0.979, 1.0]"
1,1,1.0,1.0,True,"(0.979, 1.0]"
0,0,1.0,0.0,True,"(0.979, 1.0]"
0,0,1.0,0.0,True,"(0.979, 1.0]"
1,1,1.0,1.0,True,"(0.979, 1.0]"
0,0,1.0,0.0,True,"(0.979, 1.0]"
0,0,1.0,0.0,True,"(0.979, 1.0]"
0,0,1.0,0.0,True,"(0.979, 1.0]"
1,1,1.0,1.0,True,"(0.979, 1.0]"
0,0,1.0,0.0,True,"(0.979, 1.0]"
0,0,1.0,0.0,True,"(0.979, 1.0]"
0,0,1.0,0.0,True,"(0.979, 1.0]"
0,0,1.0,0.0,True,"(0.979, 1.0]"
0,0,1.0,0.0,True,"(0.979, 1.0]"
0,0,1.0,0.0,True,"(0.979, 1.0]"
1,1,1.0,1.0,True,"(0.979, 1.0]"
1,1,1.0,1.0,True,"(0.979, 1.0]"
0,0,1.0,0.0,True,"(0.979, 1.0]"
1,1,1.0,1.0,True,"(0.979, 1.0]"
0,0,1.0,0.0,True,"(0.979, 1.0]"
0,0,1.0,0.0,True,"(0.979, 1.0]"
0,0,1.0,0.0,True,"(0.979, 1.0]"
1,1,1.0,1.0,True,"(0.979, 1.0]"
0,0,0.9966666666666667,0.003333333333333333,True,"(0.979, 1.0]"
1,1,1.0,1.0,True,"(0.979, 1.0]"
0,0,1.0,0.0,True,"(0.979, 1.0]"
1,1,1.0,1.0,True,"(0.979, 1.0]"
0,0,1.0,0.0,True,"(0.979, 1.0]"
1,1,0.9967364016736401,0.9967364016736401,True,"(0.979, 1.0]"
0,0,1.0,0.0,True,"(0.979, 1.0]"
1,1,1.0,1.0,True,"(0.979, 1.0]"
1,1,1.0,1.0,True,"(0.979, 1.0]"
1,1,0.9983653846153845,0.9983653846153845,True,"(0.979, 1.0]"
0,0,1.0,0.0,True,"(0.979, 1.0]"
0,0,1.0,0.0,True,"(0.979, 1.0]"
1,1,1.0,1.0,True,"(0.979, 1.0]"
0,0,0.9985454545454546,0.0014545454545454545,True,"(0.979, 1.0]"
0,0,0.8657734988625052,0.13422650113749499,True,"(0.856, 0.876]"
1,1,1.0,1.0,True,"(0.979, 1.0]"
1,1,0.821891290742583,0.821891290742583,True,"(0.815, 0.835]"
1,1,0.9348580568583175,0.9348580568583175,True,"(0.918, 0.938]"
1,1,0.9983653846153845,0.9983653846153845,True,"(0.979, 1.0]"
0,0,1.0,0.0,True,"(0.979, 1.0]"
1,1,1.0,1.0,True,"(0.979, 1.0]"
1,1,1.0,1.0,True,"(0.979, 1.0]"
1,1,1.0,1.0,True,"(0.979, 1.0]"
0,0,1.0,0.0,True,"(0.979, 1.0]"
1,1,1.0,1.0,True,"(0.979, 1.0]"
0,0,0.979659649122807,0.02034035087719298,True,"(0.979, 1.0]"
1,1,0.9997752808988765,0.9997752808988765,True,"(0.979, 1.0]"
1,1,1.0,1.0,True,"(0.979, 1.0]"
0,0,1.0,0.0,True,"(0.979, 1.0]"
1,1,1.0,1.0,True,"(0.979, 1.0]"
1,1,1.0,1.0,True,"(0.979, 1.0]"
0,0,1.0,0.0,True,"(0.979, 1.0]"
1,1,1.0,1.0,True,"(0.979, 1.0]"
0,0,1.0,0.0,True,"(0.979, 1.0]"
0,0,0.9948148148148148,0.005185185185185185,True,"(0.979, 1.0]"
0,0,1.0,0.0,True,"(0.979, 1.0]"
0,0,1.0,0.0,True,"(0.979, 1.0]"
1,1,1.0,1.0,True,"(0.979, 1.0]"
0,0,1.0,0.0,True,"(0.979, 1.0]"
0,0,1.0,0.0,True,"(0.979, 1.0]"
0,0,1.0,0.0,True,"(0.979, 1.0]"
1,1,1.0,1.0,True,"(0.979, 1.0]"
1,1,0.9983653846153845,0.9983653846153845,True,"(0.979, 1.0]"
0,0,1.0,0.0,True,"(0.979, 1.0]"
0,0,1.0,0.0,True,"(0.979, 1.0]"
1,1,1.0,1.0,True,"(0.979, 1.0]"
0,0,0.9948148148148148,0.005185185185185185,True,"(0.979, 1.0]"
1,1,1.0,1.0,True,"(0.979, 1.0]"
1,1,1.0,1.0,True,"(0.979, 1.0]"
1,1,1.0,1.0,True,"(0.979, 1.0]"
0,0,1.0,0.0,True,"(0.979, 1.0]"
0,0,1.0,0.0,True,"(0.979, 1.0]"
0,0,0.9998692810457516,0.00013071895424836603,True,"(0.979, 1.0]"
0,0,1.0,0.0,True,"(0.979, 1.0]"
1,1,1.0,1.0,True,"(0.979, 1.0]"
1,1,0.9983653846153845,0.9983653846153845,True,"(0.979, 1.0]"
1,1,1.0,1.0,True,"(0.979, 1.0]"
1,1,1.0,1.0,True,"(0.979, 1.0]"
1,1,1.0,1.0,True,"(0.979, 1.0]"
1,1,1.0,1.0,True,"(0.979, 1.0]"
1,1,1.0,1.0,True,"(0.979, 1.0]"
1,1,1.0,1.0,True,"(0.979, 1.0]"
1,1,1.0,1.0,True,"(0.979, 1.0]"
1,1,1.0,1.0,True,"(0.979, 1.0]"
0,0,1.0,0.0,True,"(0.979, 1.0]"
1,1,0.9892,0.9892,True,"(0.979, 1.0]"
0,0,1.0,0.0,True,"(0.979, 1.0]"
1,1,1.0,1.0,True,"(0.979, 1.0]"
0,0,1.0,0.0,True,"(0.979, 1.0]"
0,0,1.0,0.0,True,"(0.979, 1.0]"
1,1,0.9983653846153845,0.9983653846153845,True,"(0.979, 1.0]"
0,0,1.0,0.0,True,"(0.979, 1.0]"
1,1,1.0,1.0,True,"(0.979, 1.0]"
0,0,1.0,0.0,True,"(0.979, 1.0]"
1,1,0.9974764303241638,0.9974764303241638,True,"(0.979, 1.0]"
1,1,1.0,1.0,True,"(0.979, 1.0]"
1,1,1.0,1.0,True,"(0.979, 1.0]"
0,0,1.0,0.0,True,"(0.979, 1.0]"
0,0,1.0,0.0,True,"(0.979, 1.0]"
0,0,1.0,0.0,True,"(0.979, 1.0]"
0,0,1.0,0.0,True,"(0.979, 1.0]"
0,0,1.0,0.0,True,"(0.979, 1.0]"
1,1,0.9967364016736401,0.9967364016736401,True,"(0.979, 1.0]"
1,1,0.9898972332015811,0.9898972332015811,True,"(0.979, 1.0]"
1,1,1.0,1.0,True,"(0.979, 1.0]"
1,1,1.0,1.0,True,"(0.979, 1.0]"
0,0,1.0,0.0,True,"(0.979, 1.0]"
0,0,0.9998692810457516,0.00013071895424836603,True,"(0.979, 1.0]"
0,0,1.0,0.0,True,"(0.979, 1.0]"
1,1,1.0,1.0,True,"(0.979, 1.0]"
1,1,0.9911688311688311,0.9911688311688311,True,"(0.979, 1.0]"
1,1,1.0,1.0,True,"(0.979, 1.0]"
1,1,1.0,1.0,True,"(0.979, 1.0]"
0,0,1.0,0.0,True,"(0.979, 1.0]"
1,1,0.9996992481203008,0.9996992481203008,True,"(0.979, 1.0]"
1,1,1.0,1.0,True,"(0.979, 1.0]"
1,1,1.0,1.0,True,"(0.979, 1.0]"
0,0,1.0,0.0,True,"(0.979, 1.0]"
1,1,1.0,1.0,True,"(0.979, 1.0]"
1,1,0.9974764303241638,0.9974764303241638,True,"(0.979, 1.0]"
1,1,1.0,1.0,True,"(0.979, 1.0]"
0,0,0.9841625381073577,0.015837461892642353,True,"(0.979, 1.0]"
1,1,0.9981092436974791,0.9981092436974791,True,"(0.979, 1.0]"
1,1,0.9967364016736401,0.9967364016736401,True,"(0.979, 1.0]"
0,0,1.0,0.0,True,"(0.979, 1.0]"
0,0,1.0,0.0,True,"(0.979, 1.0]"
0,0,1.0,0.0,True,"(0.979, 1.0]"
0,0,1.0,0.0,True,"(0.979, 1.0]"
1,1,1.0,1.0,True,"(0.979, 1.0]"
1,1,1.0,1.0,True,"(0.979, 1.0]"
0,0,1.0,0.0,True,"(0.979, 1.0]"
0,0,1.0,0.0,True,"(0.979, 1.0]"
1,1,1.0,1.0,True,"(0.979, 1.0]"
1,1,1.0,1.0,True,"(0.979, 1.0]"
0,0,1.0,0.0,True,"(0.979, 1.0]"
1,1,1.0,1.0,True,"(0.979, 1.0]"
0,0,0.9985454545454546,0.0014545454545454545,True,"(0.979, 1.0]"
1,1,0.9997752808988765,0.9997752808988765,True,"(0.979, 1.0]"
0,0,1.0,0.0,True,"(0.979, 1.0]"
0,0,0.9663270402718598,0.03367295972814019,True,"(0.959, 0.979]"
1,1,1.0,1.0,True,"(0.979, 1.0]"
1,1,1.0,1.0,True,"(0.979, 1.0]"
1,1,1.0,1.0,True,"(0.979, 1.0]"
0,0,1.0,0.0,True,"(0.979, 1.0]"
1,1,0.9908527131782947,0.9908527131782947,True,"(0.979, 1.0]"
0,0,1.0,0.0,True,"(0.979, 1.0]"
1,1,1.0,1.0,True,"(0.979, 1.0]"
1,1,1.0,1.0,True,"(0.979, 1.0]"
1,1,1.0,1.0,True,"(0.979, 1.0]"
0,0,1.0,0.0,True,"(0.979, 1.0]"
0,0,1.0,0.0,True,"(0.979, 1.0]"
1,1,1.0,1.0,True,"(0.979, 1.0]"
1,1,1.0,1.0,True,"(0.979, 1.0]"
1,1,1.0,1.0,True,"(0.979, 1.0]"
1,1,0.9981092436974791,0.9981092436974791,True,"(0.979, 1.0]"
0,0,1.0,0.0,True,"(0.979, 1.0]"
0,0,1.0,0.0,True,"(0.979, 1.0]"
1,1,1.0,1.0,True,"(0.979, 1.0]"
1,1,1.0,1.0,True,"(0.979, 1.0]"
0,0,1.0,0.0,True,"(0.979, 1.0]"
0,0,1.0,0.0,True,"(0.979, 1.0]"
0,0,1.0,0.0,True,"(0.979, 1.0]"
0,0,1.0,0.0,True,"(0.979, 1.0]"
1,1,0.9678421052631578,0.9678421052631578,True,"(0.959, 0.979]"
0,0,1.0,0.0,True,"(0.979, 1.0]"
0,0,1.0,0.0,True,"(0.979, 1.0]"
0,0,1.0,0.0,True,"(0.979, 1.0]"
1,1,1.0,1.0,True,"(0.979, 1.0]"
0,0,1.0,0.0,True,"(0.979, 1.0]"
1,1,1.0,1.0,True,"(0.979, 1.0]"
0,0,1.0,0.0,True,"(0.979, 1.0]"
1,1,1.0,1.0,True,"(0.979, 1.0]"
1,1,1.0,1.0,True,"(0.979, 1.0]"
0,0,1.0,0.0,True,"(0.979, 1.0]"
1,1,1.0,1.0,True,"(0.979, 1.0]"
0,0,1.0,0.0,True,"(0.979, 1.0]"
1,1,1.0,1.0,True,"(0.979, 1.0]"
1,1,1.0,1.0,True,"(0.979, 1.0]"
1,1,1.0,1.0,True,"(0.979, 1.0]"
0,0,1.0,0.0,True,"(0.979, 1.0]"
0,0,1.0,0.0,True,"(0.979, 1.0]"
1,1,1.0,1.0,True,"(0.979, 1.0]"
1,1,1.0,1.0,True,"(0.979, 1.0]"
1,1,1.0,1.0,True,"(0.979, 1.0]"
1,1,1.0,1.0,True,"(0.979, 1.0]"
0,0,1.0,0.0,True,"(0.979, 1.0]"
0,0,1.0,0.0,True,"(0.979, 1.0]"
1,1,1.0,1.0,True,"(0.979, 1.0]"
0,0,1.0,0.0,True,"(0.979, 1.0]"
0,0,1.0,0.0,True,"(0.979, 1.0]"
1,1,1.0,1.0,True,"(0.979, 1.0]"
0,0,1.0,0.0,True,"(0.979, 1.0]"
1,1,0.9620425579661596,0.9620425579661596,True,"(0.959, 0.979]"
0,0,1.0,0.0,True,"(0.979, 1.0]"
0,0,1.0,0.0,True,"(0.979, 1.0]"
1,1,1.0,1.0,True,"(0.979, 1.0]"
1,1,0.9926111017943988,0.9926111017943988,True,"(0.979, 1.0]"
0,0,1.0,0.0,True,"(0.979, 1.0]"
1,1,1.0,1.0,True,"(0.979, 1.0]"
1,1,1.0,1.0,True,"(0.979, 1.0]"
0,0,1.0,0.0,True,"(0.979, 1.0]"
0,0,1.0,0.0,True,"(0.979, 1.0]"
1,1,0.9450140056022408,0.9450140056022408,True,"(0.938, 0.959]"
0,0,1.0,0.0,True,"(0.979, 1.0]"
1,1,1.0,1.0,True,"(0.979, 1.0]"
1,1,1.0,1.0,True,"(0.979, 1.0]"
1,1,1.0,1.0,True,"(0.979, 1.0]"
0,0,1.0,0.0,True,"(0.979, 1.0]"
1,1,1.0,1.0,True,"(0.979, 1.0]"
1,1,1.0,1.0,True,"(0.979, 1.0]"
1,1,0.9983653846153845,0.9983653846153845,True,"(0.979, 1.0]"
1,1,1.0,1.0,True,"(0.979, 1.0]"
0,0,1.0,0.0,True,"(0.979, 1.0]"
0,0,1.0,0.0,True,"(0.979, 1.0]"
1,1,1.0,1.0,True,"(0.979, 1.0]"
0,0,1.0,0.0,True,"(0.979, 1.0]"
0,0,0.9696156273522089,0.0303843726477911,True,"(0.959, 0.979]"
0,0,1.0,0.0,True,"(0.979, 1.0]"
1,1,1.0,1.0,True,"(0.979, 1.0]"
1,1,1.0,1.0,True,"(0.979, 1.0]"
0,0,0.9998692810457516,0.00013071895424836603,True,"(0.979, 1.0]"
0,0,1.0,0.0,True,"(0.979, 1.0]"
1,1,0.9967364016736401,0.9967364016736401,True,"(0.979, 1.0]"
0,0,1.0,0.0,True,"(0.979, 1.0]"
0,0,1.0,0.0,True,"(0.979, 1.0]"
1,1,1.0,1.0,True,"(0.979, 1.0]"
0,0,1.0,0.0,True,"(0.979, 1.0]"
1,1,0.9988235294117647,0.9988235294117647,True,"(0.979, 1.0]"
1,1,1.0,1.0,True,"(0.979, 1.0]"
0,0,1.0,0.0,True,"(0.979, 1.0]"
0,0,1.0,0.0,True,"(0.979, 1.0]"
0,0,0.9705281385281386,0.02947186147186147,True,"(0.959, 0.979]"
0,0,0.9998692810457516,0.00013071895424836603,True,"(0.979, 1.0]"
0,0,1.0,0.0,True,"(0.979, 1.0]"
1,1,1.0,1.0,True,"(0.979, 1.0]"
1,1,0.9916666666666667,0.9916666666666667,True,"(0.979, 1.0]"
0,0,1.0,0.0,True,"(0.979, 1.0]"
0,0,1.0,0.0,True,"(0.979, 1.0]"
1,1,1.0,1.0,True,"(0.979, 1.0]"
0,0,0.9985454545454546,0.0014545454545454545,True,"(0.979, 1.0]"
1,1,1.0,1.0,True,"(0.979, 1.0]"
0,0,1.0,0.0,True,"(0.979, 1.0]"
1,1,0.9983653846153845,0.9983653846153845,True,"(0.979, 1.0]"
0,0,1.0,0.0,True,"(0.979, 1.0]"
1,1,1.0,1.0,True,"(0.979, 1.0]"
1,1,0.9892,0.9892,True,"(0.979, 1.0]"
1,1,1.0,1.0,True,"(0.979, 1.0]"
1,1,1.0,1.0,True,"(0.979, 1.0]"
1,1,1.0,1.0,True,"(0.979, 1.0]"
1,1,1.0,1.0,True,"(0.979, 1.0]"
1,1,1.0,1.0,True,"(0.979, 1.0]"
0,0,1.0,0.0,True,"(0.979, 1.0]"
1,1,1.0,1.0,True,"(0.979, 1.0]"
1,1,1.0,1.0,True,"(0.979, 1.0]"
0,0,1.0,0.0,True,"(0.979, 1.0]"
1,1,1.0,1.0,True,"(0.979, 1.0]"
0,0,1.0,0.0,True,"(0.979, 1.0]"
1,1,1.0,1.0,True,"(0.979, 1.0]"
1,1,1.0,1.0,True,"(0.979, 1.0]"
1,1,1.0,1.0,True,"(0.979, 1.0]"
1,1,1.0,1.0,True,"(0.979, 1.0]"
0,0,0.9776908179539758,0.02230918204602415,True,"(0.959, 0.979]"
1,1,0.9983653846153845,0.9983653846153845,True,"(0.979, 1.0]"
0,0,1.0,0.0,True,"(0.979, 1.0]"
0,0,1.0,0.0,True,"(0.979, 1.0]"
0,0,1.0,0.0,True,"(0.979, 1.0]"
1,1,0.9967364016736401,0.9967364016736401,True,"(0.979, 1.0]"
1,1,0.8591065476703059,0.8591065476703059,True,"(0.856, 0.876]"
0,0,1.0,0.0,True,"(0.979, 1.0]"
1,1,1.0,1.0,True,"(0.979, 1.0]"
1,1,0.9916666666666667,0.9916666666666667,True,"(0.979, 1.0]"
1,1,1.0,1.0,True,"(0.979, 1.0]"
1,1,1.0,1.0,True,"(0.979, 1.0]"
1,1,0.9983653846153845,0.9983653846153845,True,"(0.979, 1.0]"
1,1,0.9967364016736401,0.9967364016736401,True,"(0.979, 1.0]"
1,1,0.9882679738562092,0.9882679738562092,True,"(0.979, 1.0]"
0,0,1.0,0.0,True,"(0.979, 1.0]"
1,1,1.0,1.0,True,"(0.979, 1.0]"
1,1,1.0,1.0,True,"(0.979, 1.0]"
0,0,1.0,0.0,True,"(0.979, 1.0]"
1,1,1.0,1.0,True,"(0.979, 1.0]"
1,1,0.9892,0.9892,True,"(0.979, 1.0]"
1,1,1.0,1.0,True,"(0.979, 1.0]"
0,0,1.0,0.0,True,"(0.979, 1.0]"
1,1,1.0,1.0,True,"(0.979, 1.0]"
1,1,1.0,1.0,True,"(0.979, 1.0]"
1,1,1.0,1.0,True,"(0.979, 1.0]"
1,1,0.9810156732410736,0.9810156732410736,True,"(0.979, 1.0]"
0,0,1.0,0.0,True,"(0.979, 1.0]"
1,1,1.0,1.0,True,"(0.979, 1.0]"
1,1,1.0,1.0,True,"(0.979, 1.0]"
1,1,1.0,1.0,True,"(0.979, 1.0]"
0,0,1.0,0.0,True,"(0.979, 1.0]"
1,1,1.0,1.0,True,"(0.979, 1.0]"
1,1,1.0,1.0,True,"(0.979, 1.0]"
1,1,1.0,1.0,True,"(0.979, 1.0]"
0,0,1.0,0.0,True,"(0.979, 1.0]"
1,1,1.0,1.0,True,"(0.979, 1.0]"
0,0,1.0,0.0,True,"(0.979, 1.0]"
0,0,1.0,0.0,True,"(0.979, 1.0]"
0,0,0.9998692810457516,0.00013071895424836603,True,"(0.979, 1.0]"
1,1,1.0,1.0,True,"(0.979, 1.0]"
1,1,0.9981092436974791,0.9981092436974791,True,"(0.979, 1.0]"
1,1,0.9988235294117647,0.9988235294117647,True,"(0.979, 1.0]"
1,1,1.0,1.0,True,"(0.979, 1.0]"
0,0,1.0,0.0,True,"(0.979, 1.0]"
0,0,1.0,0.0,True,"(0.979, 1.0]"
1,1,1.0,1.0,True,"(0.979, 1.0]"
0,0,0.9998692810457516,0.00013071895424836603,True,"(0.979, 1.0]"
1,1,1.0,1.0,True,"(0.979, 1.0]"
0,0,0.9049314764348049,0.09506852356519514,True,"(0.897, 0.918]"
1,1,1.0,1.0,True,"(0.979, 1.0]"
0,0,1.0,0.0,True,"(0.979, 1.0]"
0,0,1.0,0.0,True,"(0.979, 1.0]"
1,1,0.9671907761587653,0.9671907761587653,True,"(0.959, 0.979]"
0,0,1.0,0.0,True,"(0.979, 1.0]"
0,0,1.0,0.0,True,"(0.979, 1.0]"
1,1,1.0,1.0,True,"(0.979, 1.0]"
0,0,1.0,0.0,True,"(0.979, 1.0]"
0,0,0.9505254709808229,0.049474529019177156,True,"(0.938, 0.959]"
1,1,1.0,1.0,True,"(0.979, 1.0]"
0,0,0.9663270402718598,0.03367295972814019,True,"(0.959, 0.979]"
1,1,0.9981092436974791,0.9981092436974791,True,"(0.979, 1.0]"
0,0,1.0,0.0,True,"(0.979, 1.0]"
1,1,1.0,1.0,True,"(0.979, 1.0]"
1,1,1.0,1.0,True,"(0.979, 1.0]"
1,1,1.0,1.0,True,"(0.979, 1.0]"
0,0,1.0,0.0,True,"(0.979, 1.0]"
0,0,1.0,0.0,True,"(0.979, 1.0]"
0,0,1.0,0.0,True,"(0.979, 1.0]"
1,1,1.0,1.0,True,"(0.979, 1.0]"
0,0,1.0,0.0,True,"(0.979, 1.0]"
1,1,1.0,1.0,True,"(0.979, 1.0]"
1,1,1.0,1.0,True,"(0.979, 1.0]"
0,0,1.0,0.0,True,"(0.979, 1.0]"
0,0,0.9998692810457516,0.00013071895424836603,True,"(0.979, 1.0]"
0,0,1.0,0.0,True,"(0.979, 1.0]"
0,0,1.0,0.0,True,"(0.979, 1.0]"
0,0,1.0,0.0,True,"(0.979, 1.0]"
1,1,0.9908527131782947,0.9908527131782947,True,"(0.979, 1.0]"
0,0,1.0,0.0,True,"(0.979, 1.0]"
1,1,1.0,1.0,True,"(0.979, 1.0]"
0,0,1.0,0.0,True,"(0.979, 1.0]"
0,0,1.0,0.0,True,"(0.979, 1.0]"
0,0,1.0,0.0,True,"(0.979, 1.0]"
0,0,1.0,0.0,True,"(0.979, 1.0]"
1,1,1.0,1.0,True,"(0.979, 1.0]"
0,0,1.0,0.0,True,"(0.979, 1.0]"
1,1,0.9974764303241638,0.9974764303241638,True,"(0.979, 1.0]"
1,1,1.0,1.0,True,"(0.979, 1.0]"
0,0,0.9863263157894737,0.013673684210526315,True,"(0.979, 1.0]"
1,1,0.9997752808988765,0.9997752808988765,True,"(0.979, 1.0]"
1,1,1.0,1.0,True,"(0.979, 1.0]"
1,1,1.0,1.0,True,"(0.979, 1.0]"
1,1,1.0,1.0,True,"(0.979, 1.0]"
1,1,1.0,1.0,True,"(0.979, 1.0]"
0,0,1.0,0.0,True,"(0.979, 1.0]"
1,1,0.9988235294117647,0.9988235294117647,True,"(0.979, 1.0]"
0,0,1.0,0.0,True,"(0.979, 1.0]"
0,0,1.0,0.0,True,"(0.979, 1.0]"
1,1,0.9729527887571366,0.9729527887571366,True,"(0.959, 0.979]"
0,0,1.0,0.0,True,"(0.979, 1.0]"
1,1,1.0,1.0,True,"(0.979, 1.0]"
1,1,1.0,1.0,True,"(0.979, 1.0]"
0,0,1.0,0.0,True,"(0.979, 1.0]"
1,1,1.0,1.0,True,"(0.979, 1.0]"
1,1,0.9892,0.9892,True,"(0.979, 1.0]"
0,0,1.0,0.0,True,"(0.979, 1.0]"
0,0,1.0,0.0,True,"(0.979, 1.0]"
1,1,1.0,1.0,True,"(0.979, 1.0]"
1,1,1.0,1.0,True,"(0.979, 1.0]"
0,0,1.0,0.0,True,"(0.979, 1.0]"
0,0,1.0,0.0,True,"(0.979, 1.0]"
1,1,1.0,1.0,True,"(0.979, 1.0]"
1,1,1.0,1.0,True,"(0.979, 1.0]"
1,1,0.9983653846153845,0.9983653846153845,True,"(0.979, 1.0]"
0,0,1.0,0.0,True,"(0.979, 1.0]"
1,1,1.0,1.0,True,"(0.979, 1.0]"
0,0,1.0,0.0,True,"(0.979, 1.0]"
0,0,1.0,0.0,True,"(0.979, 1.0]"
1,1,0.9980646327356852,0.9980646327356852,True,"(0.979, 1.0]"
1,1,0.9827345537757437,0.9827345537757437,True,"(0.979, 1.0]"
1,1,1.0,1.0,True,"(0.979, 1.0]"
1,1,1.0,1.0,True,"(0.979, 1.0]"
1,1,1.0,1.0,True,"(0.979, 1.0]"
1,1,1.0,1.0,True,"(0.979, 1.0]"
1,1,1.0,1.0,True,"(0.979, 1.0]"
1,1,1.0,1.0,True,"(0.979, 1.0]"
0,0,1.0,0.0,True,"(0.979, 1.0]"
0,0,1.0,0.0,True,"(0.979, 1.0]"
1,1,1.0,1.0,True,"(0.979, 1.0]"
0,0,0.995,0.005,True,"(0.979, 1.0]"
1,1,1.0,1.0,True,"(0.979, 1.0]"
0,0,1.0,0.0,True,"(0.979, 1.0]"
0,0,1.0,0.0,True,"(0.979, 1.0]"
1,1,1.0,1.0,True,"(0.979, 1.0]"
1,1,1.0,1.0,True,"(0.979, 1.0]"
1,1,1.0,1.0,True,"(0.979, 1.0]"
1,1,1.0,1.0,True,"(0.979, 1.0]"
0,0,0.9948148148148148,0.005185185185185185,True,"(0.979, 1.0]"
1,1,0.9916666666666667,0.9916666666666667,True,"(0.979, 1.0]"
0,0,0.995,0.005,True,"(0.979, 1.0]"
1,1,0.9801307189542484,0.9801307189542484,True,"(0.979, 1.0]"
1,1,1.0,1.0,True,"(0.979, 1.0]"
0,0,1.0,0.0,True,"(0.979, 1.0]"
1,1,0.9893678160919541,0.9893678160919541,True,"(0.979, 1.0]"
1,1,1.0,1.0,True,"(0.979, 1.0]"
0,0,1.0,0.0,True,"(0.979, 1.0]"
1,1,1.0,1.0,True,"(0.979, 1.0]"
1,1,0.99,0.99,True,"(0.979, 1.0]"
1,1,0.9967364016736401,0.9967364016736401,True,"(0.979, 1.0]"
0,0,1.0,0.0,True,"(0.979, 1.0]"
1,1,1.0,1.0,True,"(0.979, 1.0]"
1,1,1.0,1.0,True,"(0.979, 1.0]"
0,0,1.0,0.0,True,"(0.979, 1.0]"
0,0,1.0,0.0,True,"(0.979, 1.0]"
1,1,1.0,1.0,True,"(0.979, 1.0]"
0,0,0.9948148148148148,0.005185185185185185,True,"(0.979, 1.0]"
1,1,1.0,1.0,True,"(0.979, 1.0]"
1,1,0.9967364016736401,0.9967364016736401,True,"(0.979, 1.0]"
0,0,1.0,0.0,True,"(0.979, 1.0]"
0,0,1.0,0.0,True,"(0.979, 1.0]"
1,1,1.0,1.0,True,"(0.979, 1.0]"
1,1,1.0,1.0,True,"(0.979, 1.0]"
1,1,1.0,1.0,True,"(0.979, 1.0]"
1,1,1.0,1.0,True,"(0.979, 1.0]"
1,1,1.0,1.0,True,"(0.979, 1.0]"
0,0,1.0,0.0,True,"(0.979, 1.0]"
1,1,0.9967364016736401,0.9967364016736401,True,"(0.979, 1.0]"
0,0,1.0,0.0,True,"(0.979, 1.0]"
0,0,1.0,0.0,True,"(0.979, 1.0]"
1,1,1.0,1.0,True,"(0.979, 1.0]"
0,0,1.0,0.0,True,"(0.979, 1.0]"
1,1,1.0,1.0,True,"(0.979, 1.0]"
1,1,1.0,1.0,True,"(0.979, 1.0]"
1,1,1.0,1.0,True,"(0.979, 1.0]"
0,0,1.0,0.0,True,"(0.979, 1.0]"
1,1,1.0,1.0,True,"(0.979, 1.0]"
0,0,1.0,0.0,True,"(0.979, 1.0]"
1,1,1.0,1.0,True,"(0.979, 1.0]"
0,0,1.0,0.0,True,"(0.979, 1.0]"
1,1,1.0,1.0,True,"(0.979, 1.0]"
0,0,1.0,0.0,True,"(0.979, 1.0]"
1,1,1.0,1.0,True,"(0.979, 1.0]"
1,1,1.0,1.0,True,"(0.979, 1.0]"
0,0,1.0,0.0,True,"(0.979, 1.0]"
0,0,1.0,0.0,True,"(0.979, 1.0]"
0,0,0.9280333801302136,0.0719666198697864,True,"(0.918, 0.938]"
0,0,1.0,0.0,True,"(0.979, 1.0]"
1,1,0.9908527131782947,0.9908527131782947,True,"(0.979, 1.0]"
0,0,1.0,0.0,True,"(0.979, 1.0]"
0,0,0.9998692810457516,0.00013071895424836603,True,"(0.979, 1.0]"
0,0,1.0,0.0,True,"(0.979, 1.0]"
1,1,1.0,1.0,True,"(0.979, 1.0]"
1,1,1.0,1.0,True,"(0.979, 1.0]"
1,1,1.0,1.0,True,"(0.979, 1.0]"
1,1,0.9977353985843945,0.9977353985843945,True,"(0.979, 1.0]"
0,0,1.0,0.0,True,"(0.979, 1.0]"
0,0,1.0,0.0,True,"(0.979, 1.0]"
0,0,1.0,0.0,True,"(0.979, 1.0]"
0,0,1.0,0.0,True,"(0.979, 1.0]"
1,1,0.9814545454545454,0.9814545454545454,True,"(0.979, 1.0]"
0,0,1.0,0.0,True,"(0.979, 1.0]"
1,1,1.0,1.0,True,"(0.979, 1.0]"
1,1,1.0,1.0,True,"(0.979, 1.0]"
0,0,1.0,0.0,True,"(0.979, 1.0]"
0,0,1.0,0.0,True,"(0.979, 1.0]"
0,0,1.0,0.0,True,"(0.979, 1.0]"
1,1,1.0,1.0,True,"(0.979, 1.0]"
1,1,1.0,1.0,True,"(0.979, 1.0]"
1,1,1.0,1.0,True,"(0.979, 1.0]"
1,1,1.0,1.0,True,"(0.979, 1.0]"
1,1,0.9916666666666667,0.9916666666666667,True,"(0.979, 1.0]"
1,1,1.0,1.0,True,"(0.979, 1.0]"
0,0,1.0,0.0,True,"(0.979, 1.0]"
0,0,1.0,0.0,True,"(0.979, 1.0]"
0,0,1.0,0.0,True,"(0.979, 1.0]"
1,1,1.0,1.0,True,"(0.979, 1.0]"
1,1,1.0,1.0,True,"(0.979, 1.0]"
0,0,0.9028639717909271,0.09713602820907292,True,"(0.897, 0.918]"
0,0,0.9985454545454546,0.0014545454545454545,True,"(0.979, 1.0]"
1,1,1.0,1.0,True,"(0.979, 1.0]"
0,0,1.0,0.0,True,"(0.979, 1.0]"
0,0,0.9985454545454546,0.0014545454545454545,True,"(0.979, 1.0]"
0,0,1.0,0.0,True,"(0.979, 1.0]"
1,1,1.0,1.0,True,"(0.979, 1.0]"
1,1,1.0,1.0,True,"(0.979, 1.0]"
1,1,1.0,1.0,True,"(0.979, 1.0]"
0,0,1.0,0.0,True,"(0.979, 1.0]"
0,0,0.9998692810457516,0.00013071895424836603,True,"(0.979, 1.0]"
1,1,0.9908527131782947,0.9908527131782947,True,"(0.979, 1.0]"
1,1,1.0,1.0,True,"(0.979, 1.0]"
0,0,1.0,0.0,True,"(0.979, 1.0]"
0,0,1.0,0.0,True,"(0.979, 1.0]"
0,0,1.0,0.0,True,"(0.979, 1.0]"
0,0,1.0,0.0,True,"(0.979, 1.0]"
1,1,1.0,1.0,True,"(0.979, 1.0]"
0,0,1.0,0.0,True,"(0.979, 1.0]"
1,1,1.0,1.0,True,"(0.979, 1.0]"
0,0,1.0,0.0,True,"(0.979, 1.0]"
0,0,1.0,0.0,True,"(0.979, 1.0]"
0,0,1.0,0.0,True,"(0.979, 1.0]"
1,1,0.9305893904770589,0.9305893904770589,True,"(0.918, 0.938]"
1,1,1.0,1.0,True,"(0.979, 1.0]"
1,1,1.0,1.0,True,"(0.979, 1.0]"
1,1,1.0,1.0,True,"(0.979, 1.0]"
0,0,1.0,0.0,True,"(0.979, 1.0]"
0,0,0.9591643608460224,0.040835639153977504,True,"(0.959, 0.979]"
1,1,1.0,1.0,True,"(0.979, 1.0]"
0,0,1.0,0.0,True,"(0.979, 1.0]"
1,1,1.0,1.0,True,"(0.979, 1.0]"
1,1,1.0,1.0,True,"(0.979, 1.0]"
0,0,1.0,0.0,True,"(0.979, 1.0]"
1,1,0.9983653846153845,0.9983653846153845,True,"(0.979, 1.0]"
0,0,1.0,0.0,True,"(0.979, 1.0]"
1,1,0.9796762425900593,0.9796762425900593,True,"(0.979, 1.0]"
0,0,0.9998692810457516,0.00013071895424836603,True,"(0.979, 1.0]"
1,1,1.0,1.0,True,"(0.979, 1.0]"
0,0,1.0,0.0,True,"(0.979, 1.0]"
0,0,1.0,0.0,True,"(0.979, 1.0]"
0,0,1.0,0.0,True,"(0.979, 1.0]"
1,1,0.9983653846153845,0.9983653846153845,True,"(0.979, 1.0]"
1,1,0.9911688311688311,0.9911688311688311,True,"(0.979, 1.0]"
1,1,1.0,1.0,True,"(0.979, 1.0]"
1,1,1.0,1.0,True,"(0.979, 1.0]"
1,1,1.0,1.0,True,"(0.979, 1.0]"
0,0,0.98,0.02,True,"(0.979, 1.0]"
1,1,1.0,1.0,True,"(0.979, 1.0]"
1,1,0.9967364016736401,0.9967364016736401,True,"(0.979, 1.0]"
1,1,0.9892,0.9892,True,"(0.979, 1.0]"
1,1,1.0,1.0,True,"(0.979, 1.0]"
1,1,1.0,1.0,True,"(0.979, 1.0]"
1,1,1.0,1.0,True,"(0.979, 1.0]"
1,1,0.9983653846153845,0.9983653846153845,True,"(0.979, 1.0]"
0,0,1.0,0.0,True,"(0.979, 1.0]"
1,1,0.9980646327356852,0.9980646327356852,True,"(0.979, 1.0]"
0,0,1.0,0.0,True,"(0.979, 1.0]"
0,0,1.0,0.0,True,"(0.979, 1.0]"
0,0,0.8091819471028794,0.19081805289712062,True,"(0.794, 0.815]"
0,0,1.0,0.0,True,"(0.979, 1.0]"
1,1,1.0,1.0,True,"(0.979, 1.0]"
1,1,0.9997752808988765,0.9997752808988765,True,"(0.979, 1.0]"
1,1,0.9967364016736401,0.9967364016736401,True,"(0.979, 1.0]"
0,0,1.0,0.0,True,"(0.979, 1.0]"
0,0,1.0,0.0,True,"(0.979, 1.0]"
1,1,1.0,1.0,True,"(0.979, 1.0]"
1,1,1.0,1.0,True,"(0.979, 1.0]"
1,1,1.0,1.0,True,"(0.979, 1.0]"
0,0,1.0,0.0,True,"(0.979, 1.0]"
0,0,1.0,0.0,True,"(0.979, 1.0]"
0,0,0.988636222317884,0.01136377768211604,True,"(0.979, 1.0]"
0,0,1.0,0.0,True,"(0.979, 1.0]"
1,1,1.0,1.0,True,"(0.979, 1.0]"
0,0,1.0,0.0,True,"(0.979, 1.0]"
1,1,1.0,1.0,True,"(0.979, 1.0]"
0,0,1.0,0.0,True,"(0.979, 1.0]"
0,0,1.0,0.0,True,"(0.979, 1.0]"
1,1,0.9882679738562092,0.9882679738562092,True,"(0.979, 1.0]"
1,1,1.0,1.0,True,"(0.979, 1.0]"
0,0,1.0,0.0,True,"(0.979, 1.0]"
1,1,1.0,1.0,True,"(0.979, 1.0]"
0,0,0.9816346153846155,0.018365384615384613,True,"(0.979, 1.0]"
0,0,1.0,0.0,True,"(0.979, 1.0]"
1,1,0.9981092436974791,0.9981092436974791,True,"(0.979, 1.0]"
0,0,0.9863263157894737,0.013673684210526315,True,"(0.979, 1.0]"
0,0,1.0,0.0,True,"(0.979, 1.0]"
0,0,1.0,0.0,True,"(0.979, 1.0]"
1,1,0.9983653846153845,0.9983653846153845,True,"(0.979, 1.0]"
